{"type":"FeatureCollection","periode":"Zona Kerentanan Gerakan Tanah","features":[{"type":"Feature","properties":{"level":"sangat_rendah","label":"Sangat rendah","KETERANGAN":"Zona Kerentanan Gerakan Tanah Sangat Rendah","WILAYAH":"-"},"geometry":{"type":"Polygon","coordinates":[[[97.07652211474152,5.2286197423247955],[97.07406174660683,5.220508995553396],[97.07006632555654,5.213034088518603],[97.06468939338095,5.206482277705787],[97.05813758256812,5.201105345530187],[97.05066267553333,5.197109924479893],[97.04255192876194,5.19464955634521],[97.0341170337038,5.193818791693763],[97.02568213864565,5.19464955634521],[97.01757139187426,5.197109924479893],[97.01009648483947,5.201105345530187],[97.00354467402664,5.206482277705787],[96.99816774185105,5.213034088518603],[96.99417232080076,5.220508995553396],[96.99171195266607,5.2286197423247955],[96.99088118801463,5.237054637382936],[96.99171195266607,5.245489532441077],[96.99417232080076,5.253600279212477],[96.99816774185105,5.26107518624727],[97.00354467402664,5.267626997060086],[97.01009648483947,5.273003929235686],[97.01757139187426,5.27699935028598],[97.02568213864565,5.279459718420663],[97.0341170337038,5.280290483072109],[97.04255192876194,5.279459718420663],[97.05066267553333,5.27699935028598],[97.05813758256812,5.273003929235686],[97.06468939338095,5.267626997060086],[97.07006632555654,5.26107518624727],[97.07406174660683,5.253600279212477],[97.07652211474152,5.245489532441077],[97.07735287939296,5.237054637382936],[97.07652211474152,5.2286197423247955]]]}},{"type":"Feature","properties":{"level":"rendah","label":"Rendah","KETERANGAN":"Zona Kerentanan Gerakan Tanah Rendah","WILAYAH":"-"},"geometry":{"type":"Polygon","coordinates":[[[97.0593276222514,5.233300450546595],[97.05737563093538,5.226865597549984],[97.05420576904191,5.220935203063764],[97.0499398525859,5.215737168822239],[97.04474181834436,5.211471252366217],[97.03881142385815,5.2083013904727515],[97.03237657086153,5.2063493991567285],[97.02568454714648,5.2056902923497335],[97.01899252343144,5.2063493991567285],[97.01255767043482,5.2083013904727515],[97.0066272759486,5.211471252366217],[97.00142924170707,5.215737168822239],[96.99716332525105,5.220935203063764],[96.99399346335758,5.226865597549984],[96.99204147204156,5.233300450546595],[96.99138236523457,5.239992474261646],[96.99204147204156,5.2466844979766964],[96.99399346335758,5.253119350973308],[96.99716332525105,5.259049745459528],[97.00142924170707,5.264247779701053],[97.0066272759486,5.268513696157075],[97.01255767043482,5.27168355805054],[97.01899252343144,5.273635549366563],[97.02568454714648,5.274294656173558],[97.03237657086153,5.273635549366563],[97.03881142385815,5.27168355805054],[97.04474181834436,5.268513696157075],[97.0499398525859,5.264247779701053],[97.05420576904191,5.259049745459528],[97.05737563093538,5.253119350973308],[97.0593276222514,5.2466844979766964],[97.0599867290584,5.239992474261646],[97.0593276222514,5.233300450546595]]]}},{"type":"Feature","properties":{"level":"tinggi","label":"Tinggi","KETERANGAN":"Zona Kerentanan Gerakan Tanah Tinggi","WILAYAH":"-"},"geometry":{"type":"Polygon","coordinates":[[[97.01722960110021,5.237275937602026],[97.01642180009168,5.234612974556194],[97.0151100024349,5.232158773757462],[97.01334461977815,5.230007648766193],[97.01119349478688,5.228242266109437],[97.00873929398814,5.2269304684526565],[97.0060763309423,5.226122667444134],[97.00330694182583,5.225849906423609],[97.00053755270935,5.226122667444134],[96.99787458966351,5.2269304684526565],[96.99542038886477,5.228242266109437],[96.9932692638735,5.230007648766193],[96.99150388121676,5.232158773757462],[96.99019208355998,5.234612974556194],[96.98938428255144,5.237275937602026],[96.98911152153093,5.240045326718513],[96.98938428255144,5.242814715835],[96.99019208355998,5.245477678880832],[96.99150388121676,5.247931879679564],[96.9932692638735,5.250083004670833],[96.99542038886477,5.2518483873275885],[96.99787458966351,5.253160184984369],[97.00053755270935,5.253967985992892],[97.00330694182583,5.254240747013417],[97.0060763309423,5.253967985992892],[97.00873929398814,5.253160184984369],[97.01119349478688,5.2518483873275885],[97.01334461977815,5.250083004670833],[97.0151100024349,5.247931879679564],[97.01642180009168,5.245477678880832],[97.01722960110021,5.242814715835],[97.01750236212072,5.240045326718513],[97.01722960110021,5.237275937602026]]]}},{"type":"Feature","properties":{"level":"rendah","label":"Rendah","KETERANGAN":"Zona Kerentanan Gerakan Tanah Rendah","WILAYAH":"-"},"geometry":{"type":"Polygon","coordinates":[[[97.04516974451475,5.239418651724041],[97.04362172322875,5.234315509446076],[97.0411078730674,5.2296124265872175],[97.0377247998826,5.225490139984212],[97.03360251327959,5.22210706679941],[97.02889943042074,5.21959321663805],[97.02379628814278,5.218045195352054],[97.01848919734157,5.217522492531299],[97.01318210654036,5.218045195352054],[97.0080789642624,5.21959321663805],[97.00337588140354,5.22210706679941],[96.99925359480054,5.225490139984212],[96.99587052161573,5.2296124265872175],[96.99335667145438,5.234315509446076],[96.99180865016838,5.239418651724041],[96.99128594734762,5.244725742525245],[96.99180865016838,5.250032833326449],[96.99335667145438,5.255135975604413],[96.99587052161573,5.259839058463272],[96.99925359480054,5.263961345066277],[97.00337588140354,5.26734441825108],[97.0080789642624,5.269858268412439],[97.01318210654036,5.271406289698436],[97.01848919734157,5.27192899251919],[97.02379628814278,5.271406289698436],[97.02889943042074,5.269858268412439],[97.03360251327959,5.26734441825108],[97.0377247998826,5.263961345066277],[97.0411078730674,5.259839058463272],[97.04362172322875,5.255135975604413],[97.04516974451475,5.250032833326449],[97.04569244733551,5.244725742525245],[97.04516974451475,5.239418651724041]]]}},{"type":"Feature","properties":{"level":"tinggi","label":"Tinggi","KETERANGAN":"Zona Kerentanan Gerakan Tanah Tinggi","WILAYAH":"-"},"geometry":{"type":"Polygon","coordinates":[[[97.08365319244,5.23609632111873],[97.081029371692,5.227446743293136],[97.07676851800065,5.219475246714731],[97.07103437358379,5.212488171526556],[97.06404729839561,5.206754027109696],[97.0560758018172,5.202493173418344],[97.04742622399161,5.199869352670347],[97.03843096334393,5.198983396825593],[97.02943570269625,5.199869352670347],[97.02078612487065,5.202493173418344],[97.01281462829225,5.206754027109696],[97.00582755310407,5.212488171526556],[97.0000934086872,5.219475246714731],[96.99583255499586,5.227446743293136],[96.99320873424786,5.23609632111873],[96.9923227784031,5.245091581766414],[96.99320873424786,5.2540868424140985],[96.99583255499586,5.262736420239692],[97.0000934086872,5.270707916818097],[97.00582755310407,5.277694992006272],[97.01281462829225,5.283429136423132],[97.02078612487065,5.287689990114484],[97.02729665137275,5.2896649367374335],[97.03319263090253,5.289086706203739],[97.04161851881364,5.286541618416095],[97.04938386158615,5.282408597829912],[97.05692446831773,5.276482495054993],[97.06357725142898,5.2690193785278705],[97.06641729171653,5.268113579872766],[97.07054355455065,5.2661302507807415],[97.07896079558252,5.266606453940299],[97.081029371692,5.262736420239692],[97.08365319244,5.2540868424140985],[97.08453914828475,5.245091581766414],[97.08365319244,5.23609632111873]]]}},{"type":"Feature","properties":{"level":"sangat_rendah","label":"Sangat rendah","KETERANGAN":"Zona Kerentanan Gerakan Tanah Sangat Rendah","WILAYAH":"-"},"geometry":{"type":"Polygon","coordinates":[[[97.02853216818059,5.219144239257694],[97.0266238891863,5.212853486474129],[97.02352501225154,5.207055895504846],[97.01935462547901,5.201974264519467],[97.01427299449364,5.197803877746948],[97.00847540352436,5.194705000812179],[97.00218465074079,5.192796721817891],[96.99564248624452,5.19215237485566],[96.98910032174825,5.192796721817891],[96.98280956896468,5.194705000812179],[96.9770119779954,5.197803877746948],[96.97193034701003,5.201974264519467],[96.9677599602375,5.207055895504846],[96.96466108330274,5.212853486474129],[96.96275280430845,5.219144239257694],[96.96210845734622,5.225686403753961],[96.96275280430845,5.232228568250229],[96.96466108330274,5.2385193210337935],[96.9677599602375,5.244316912003077],[96.97193034701003,5.249398542988456],[96.9770119779954,5.2535689297609744],[96.98280956896468,5.256667806695744],[96.98910032174825,5.258576085690032],[96.99564248624452,5.2592204326522625],[97.00218465074079,5.258576085690032],[97.00847540352436,5.256667806695744],[97.01427299449364,5.2535689297609744],[97.01935462547901,5.249398542988456],[97.02352501225154,5.244316912003077],[97.0266238891863,5.2385193210337935],[97.02853216818059,5.232228568250229],[97.02917651514282,5.225686403753961],[97.02853216818059,5.219144239257694]]]}},{"type":"Feature","properties":{"level":"tinggi","label":"Tinggi","KETERANGAN":"Zona Kerentanan Gerakan Tanah Tinggi","WILAYAH":"-"},"geometry":{"type":"Polygon","coordinates":[[[97.04291131775892,5.219684616231206],[97.04007224866322,5.210325459698028],[97.03546185062226,5.201700011637405],[97.0292572986472,5.194139743181098],[97.02169703019088,5.187935191206035],[97.01910788006754,5.186551261632456],[97.01841901956435,5.186830028657184],[97.01785665053114,5.1858824655116225],[97.01307158213027,5.183324793165067],[97.00371242559709,5.180485724069365],[96.99397922772825,5.179527087752112],[96.9842460298594,5.180485724069365],[96.97488687332623,5.183324793165067],[96.96626142526561,5.187935191206035],[96.9587011568093,5.194139743181098],[96.95249660483424,5.201700011637405],[96.94788620679327,5.210325459698028],[96.94504713769757,5.219684616231206],[96.94408850138032,5.229417814100042],[96.94504713769757,5.239151011968879],[96.94665170743707,5.24444056951543],[96.94895212218583,5.2471002308474475],[96.95036445512129,5.24927535578701],[96.95612382688039,5.2553058025144175],[96.96290540478947,5.26016932623201],[96.96434970200707,5.260842579637709],[96.96567435133059,5.2622467768925425],[96.9722256177256,5.2666847179205565],[96.97336887780811,5.268173240236961],[96.97723933022763,5.271865744769378],[96.9836055314091,5.276610201181396],[96.98778295914737,5.278698261259865],[96.99397922772825,5.279308540447973],[97.00371242559709,5.278349904130719],[97.01307158213027,5.275510835035018],[97.02169703019088,5.270900436994049],[97.0292572986472,5.264695885018987],[97.03546185062226,5.25713561656268],[97.04007224866322,5.248510168502056],[97.04291131775892,5.239151011968879],[97.04386995407617,5.229417814100042],[97.04291131775892,5.219684616231206]]]}},{"type":"Feature","properties":{"level":"sangat_rendah","label":"Sangat rendah","KETERANGAN":"Zona Kerentanan Gerakan Tanah Sangat Rendah","WILAYAH":"-"},"geometry":{"type":"Polygon","coordinates":[[[97.01568544868957,5.224336803394442],[97.01436146029418,5.219972198581073],[97.01221141980604,5.215949755747745],[97.00931795207536,5.212424055116734],[97.00579225144435,5.209530587386051],[97.00176980861102,5.207380546897912],[96.99740520379765,5.20605655850252],[96.99286616631952,5.2056095023314075],[96.98832712884138,5.20605655850252],[96.98396252402802,5.207380546897912],[96.97994008119468,5.209530587386051],[96.97641438056367,5.212424055116734],[96.973520912833,5.215949755747745],[96.97137087234485,5.219972198581073],[96.97004688394946,5.224336803394442],[96.96959982777835,5.228875840872575],[96.97004688394946,5.2334148783507075],[96.97137087234485,5.2377794831640765],[96.973520912833,5.241801925997404],[96.97641438056367,5.2453276266284155],[96.97994008119468,5.248221094359098],[96.98396252402802,5.250371134847237],[96.98832712884138,5.251695123242629],[96.99286616631952,5.252142179413742],[96.99740520379765,5.251695123242629],[97.00176980861102,5.250371134847237],[97.00579225144435,5.248221094359098],[97.00931795207536,5.2453276266284155],[97.01221141980604,5.241801925997404],[97.01436146029418,5.2377794831640765],[97.01568544868957,5.2334148783507075],[97.01613250486068,5.228875840872575],[97.01568544868957,5.224336803394442]]]}},{"type":"Feature","properties":{"level":"tinggi","label":"Tinggi","KETERANGAN":"Zona Kerentanan Gerakan Tanah Tinggi","WILAYAH":"-"},"geometry":{"type":"Polygon","coordinates":[[[97.04814418484854,5.239692058191595],[97.04658766516812,5.234560900461705],[97.04406001436305,5.229831998414481],[97.04065836863627,5.225687081103599],[97.03651345132539,5.222285435376819],[97.03178454927816,5.219757784571757],[97.02665339154828,5.218201264891329],[97.02131716564969,5.2176756925139465],[97.0159809397511,5.218201264891329],[97.01084978202122,5.219757784571757],[97.00612087997399,5.222285435376819],[97.00197596266311,5.225687081103599],[96.99857431693633,5.229831998414481],[96.99604666613126,5.234560900461705],[96.99449014645084,5.239692058191595],[96.99396457407346,5.245028284090178],[96.99449014645084,5.25036450998876],[96.99604666613126,5.25549566771865],[96.99857431693633,5.2602245697658745],[97.00197596266311,5.264369487076756],[97.00612087997399,5.267771132803536],[97.01084978202122,5.270298783608598],[97.0159809397511,5.271855303289026],[97.02131716564969,5.272380875666409],[97.02665339154828,5.271855303289026],[97.03178454927816,5.270298783608598],[97.03651345132539,5.267771132803536],[97.04065836863627,5.264369487076756],[97.04406001436305,5.2602245697658745],[97.04658766516812,5.25549566771865],[97.04814418484854,5.25036450998876],[97.04866975722592,5.245028284090178],[97.04814418484854,5.239692058191595]]]}},{"type":"Feature","properties":{"level":"rendah","label":"Rendah","KETERANGAN":"Zona Kerentanan Gerakan Tanah Rendah","WILAYAH":"-"},"geometry":{"type":"Polygon","coordinates":[[[97.0178598508234,5.232196486524897],[97.01724858860618,5.23018142504491],[97.01625595262804,5.2283243337490255],[97.01492008933297,5.226696579614275],[97.01329233519823,5.2253607163192015],[97.01143524390234,5.2243680803410735],[97.00942018242235,5.223756818123855],[97.00732458844088,5.223550420131753],[97.00522899445942,5.223756818123855],[97.00321393297942,5.2243680803410735],[97.00135684168353,5.2253607163192015],[96.99972908754879,5.226696579614275],[96.99839322425372,5.2283243337490255],[96.99740058827558,5.23018142504491],[96.99678932605836,5.232196486524897],[96.99658292806626,5.234292080506369],[96.99678932605836,5.23638767448784],[96.99740058827558,5.238402735967827],[96.99839322425372,5.240259827263712],[96.99972908754879,5.241887581398462],[97.00135684168353,5.243223444693536],[97.00321393297942,5.244216080671664],[97.00522899445942,5.2448273428888825],[97.00732458844088,5.245033740880984],[97.00942018242235,5.2448273428888825],[97.01143524390234,5.244216080671664],[97.01329233519823,5.243223444693536],[97.01492008933297,5.241887581398462],[97.01625595262804,5.240259827263712],[97.01724858860618,5.238402735967827],[97.0178598508234,5.23638767448784],[97.0180662488155,5.234292080506369],[97.0178598508234,5.232196486524897]]]}},{"type":"Feature","properties":{"level":"rendah","label":"Rendah","KETERANGAN":"Zona Kerentanan Gerakan Tanah Rendah","WILAYAH":"-"},"geometry":{"type":"Polygon","coordinates":[[[97.2902157310257,5.014576679200187],[97.2881556449819,5.007785485641403],[97.28481024677552,5.001526685812244],[97.28030809818353,4.996040801880167],[97.27482221425144,4.991538653288164],[97.26856341442229,4.988193255081791],[97.2617722208635,4.986133169037999],[97.25470961533502,4.98543756310814],[97.24764700980653,4.986133169037999],[97.24085581624774,4.988193255081791],[97.23459701641859,4.991538653288164],[97.22911113248651,4.996040801880167],[97.22460898389451,5.001526685812244],[97.22126358568813,5.007785485641403],[97.21920349964434,5.014576679200187],[97.21850789371449,5.021639284728675],[97.21920349964434,5.028701890257163],[97.22126358568813,5.035493083815947],[97.22460898389451,5.041751883645106],[97.22911113248651,5.047237767577182],[97.23459701641859,5.051739916169185],[97.24085581624774,5.055085314375558],[97.24764700980653,5.05714540041935],[97.25470961533502,5.05784100634921],[97.2617722208635,5.05714540041935],[97.26856341442229,5.055085314375558],[97.27482221425144,5.051739916169185],[97.28030809818353,5.047237767577182],[97.28481024677552,5.041751883645106],[97.2881556449819,5.035493083815947],[97.2902157310257,5.028701890257163],[97.29091133695555,5.021639284728675],[97.2902157310257,5.014576679200187]]]}},{"type":"Feature","properties":{"level":"menengah","label":"Menengah","KETERANGAN":"Zona Kerentanan Gerakan Tanah Menengah","WILAYAH":"-"},"geometry":{"type":"Polygon","coordinates":[[[97.04676205035118,5.220034395104597],[97.04599623144566,5.217509828505037],[97.04475260902481,5.215183174601675],[97.04307897480084,5.213143845399215],[97.04103964559837,5.211470211175239],[97.03871299169501,5.210226588754389],[97.03618842509545,5.209460769848866],[97.03356296347832,5.209202184449735],[97.03093750186119,5.209460769848866],[97.02841293526163,5.210226588754389],[97.02608628135826,5.211470211175239],[97.0240469521558,5.213143845399215],[97.02237331793182,5.215183174601675],[97.02112969551098,5.217509828505037],[97.02036387660546,5.220034395104597],[97.02010529120632,5.2226598567217275],[97.02036387660546,5.225285318338858],[97.02112969551098,5.227809884938418],[97.02237331793182,5.23013653884178],[97.0240469521558,5.23217586804424],[97.02608628135826,5.233849502268216],[97.02841293526163,5.235093124689066],[97.03093750186119,5.235858943594589],[97.03356296347832,5.23611752899372],[97.03618842509545,5.235858943594589],[97.03871299169501,5.235093124689066],[97.04103964559837,5.233849502268216],[97.04307897480084,5.23217586804424],[97.04475260902481,5.23013653884178],[97.04599623144566,5.227809884938418],[97.04676205035118,5.225285318338858],[97.04702063575031,5.2226598567217275],[97.04676205035118,5.220034395104597]]]}},{"type":"Feature","properties":{"level":"menengah","label":"Menengah","KETERANGAN":"Zona Kerentanan Gerakan Tanah Menengah","WILAYAH":"-"},"geometry":{"type":"Polygon","coordinates":[[[97.10346936161879,5.207991018308082],[97.10128416679652,5.2007873963786],[97.09773560295812,5.1941485003861185],[97.09296003942184,5.188329459380493],[97.08714099841622,5.183553895844214],[97.08050210242374,5.1800053320058135],[97.07329848049426,5.177820137183543],[97.06580696377868,5.177082287188953],[97.05831544706311,5.177820137183543],[97.05111182513363,5.1800053320058135],[97.04447292914115,5.183553895844214],[97.03865388813553,5.188329459380493],[97.03387832459924,5.1941485003861185],[97.03032976076085,5.2007873963786],[97.02814456593858,5.207991018308082],[97.02740671594398,5.215482535023653],[97.02814456593858,5.222974051739223],[97.03032976076085,5.230177673668705],[97.03387832459924,5.236816569661187],[97.03865388813553,5.242635610666812],[97.04447292914115,5.2474111742030916],[97.05111182513363,5.250959738041492],[97.05831544706311,5.253144932863762],[97.06580696377868,5.253882782858352],[97.07329848049426,5.253144932863762],[97.08050210242374,5.250959738041492],[97.08714099841622,5.2474111742030916],[97.09296003942184,5.242635610666812],[97.09773560295812,5.236816569661187],[97.10128416679652,5.230177673668705],[97.10346936161879,5.222974051739223],[97.10420721161339,5.215482535023653],[97.10346936161879,5.207991018308082]]]}},{"type":"Feature","properties":{"level":"rendah","label":"Rendah","KETERANGAN":"Zona Kerentanan Gerakan Tanah Rendah","WILAYAH":"-"},"geometry":{"type":"Polygon","coordinates":[[[97.98173068163553,4.4719320322520195],[97.97893693144971,4.462722272143259],[97.97440012732503,4.454234508615926],[97.96829461609973,4.446794921662381],[97.96085502914619,4.440689410437081],[97.95236726561885,4.436152606312405],[97.9431575055101,4.433358856126593],[97.933579674736,4.432415522132534],[97.92400184396189,4.433358856126593],[97.91479208385314,4.436152606312405],[97.9063043203258,4.440689410437081],[97.89886473337226,4.446794921662381],[97.89275922214696,4.454234508615926],[97.88822241802228,4.462722272143259],[97.88542866783646,4.4719320322520195],[97.8844853338424,4.481509863026118],[97.88542866783646,4.491087693800217],[97.88822241802228,4.500297453908977],[97.89275922214696,4.50878521743631],[97.89886473337226,4.516224804389855],[97.9063043203258,4.5223303156151555],[97.91479208385314,4.526867119739832],[97.92400184396189,4.529660869925643],[97.933579674736,4.530604203919702],[97.9431575055101,4.529660869925643],[97.95236726561885,4.526867119739832],[97.96085502914619,4.5223303156151555],[97.96829461609973,4.516224804389855],[97.97126795495855,4.512601780507617],[97.97179219443287,4.505479415401552],[97.97118685415901,4.500574103030897],[97.97064905262835,4.491433616811696],[97.97022163450934,4.4894832207549795],[97.97030267873544,4.484389922213778],[97.97494714079542,4.481154898203725],[97.98129486803023,4.474418689797633],[97.98188115299494,4.473459793602704],[97.98173068163553,4.4719320322520195]]]}},{"type":"Feature","properties":{"level":"menengah","label":"Menengah","KETERANGAN":"Zona Kerentanan Gerakan Tanah Menengah","WILAYAH":"-"},"geometry":{"type":"Polygon","coordinates":[[[97.99535466823855,4.384514880132753],[97.99312659606075,4.377169910504893],[97.98950840317518,4.3704007477275235],[97.98463913470533,4.364467526929988],[97.9787059139078,4.359598258460147],[97.97193675113043,4.355980065574579],[97.96459178150258,4.353751993396771],[97.95695326808791,4.352999665490999],[97.94931475467325,4.353751993396771],[97.9419697850454,4.355980065574579],[97.93520062226803,4.359598258460147],[97.9292674014705,4.364467526929988],[97.92439813300065,4.3704007477275235],[97.92077994011508,4.377169910504893],[97.91855186793728,4.384514880132753],[97.91779954003151,4.392153393547409],[97.91855186793728,4.399791906962066],[97.92077994011508,4.4071368765899255],[97.92439813300065,4.413906039367295],[97.9292674014705,4.419839260164831],[97.93520062226803,4.424708528634672],[97.9419697850454,4.428326721520239],[97.94931475467325,4.430554793698048],[97.95695326808791,4.43130712160382],[97.96459178150258,4.430554793698048],[97.97193675113043,4.428326721520239],[97.9787059139078,4.424708528634672],[97.98463913470533,4.419839260164831],[97.98950840317518,4.413906039367295],[97.99312659606075,4.4071368765899255],[97.99535466823855,4.399791906962066],[97.99610699614432,4.392153393547409],[97.99535466823855,4.384514880132753]]]}},{"type":"Feature","properties":{"level":"sangat_rendah","label":"Sangat rendah","KETERANGAN":"Zona Kerentanan Gerakan Tanah Sangat Rendah","WILAYAH":"-"},"geometry":{"type":"Polygon","coordinates":[[[97.96364940110541,4.501747047752028],[97.96188708484831,4.495937469627931],[97.95902523853692,4.490583331764555],[97.95517384132006,4.4858903906773575],[97.95048090023286,4.482038993460486],[97.94512676236948,4.4791771471490955],[97.93931718424538,4.477414830891993],[97.93327542468982,4.476819769514619],[97.92723366513427,4.477414830891993],[97.92142408701017,4.4791771471490955],[97.91606994914679,4.482038993460486],[97.91137700805959,4.4858903906773575],[97.90752561084273,4.490583331764555],[97.90466376453134,4.495937469627931],[97.90290144827424,4.501747047752028],[97.90230638689685,4.5077888073075885],[97.90290144827424,4.513830566863149],[97.90466376453134,4.519640144987246],[97.90752561084273,4.5249942828506216],[97.91137700805959,4.529687223937819],[97.91606994914679,4.533538621154691],[97.92142408701017,4.536400467466081],[97.92723366513427,4.538162783723184],[97.93327542468982,4.538757845100558],[97.93931718424538,4.538162783723184],[97.94512676236948,4.536400467466081],[97.95048090023286,4.533538621154691],[97.95517384132006,4.529687223937819],[97.95902523853692,4.5249942828506216],[97.96188708484831,4.519640144987246],[97.96364940110541,4.513830566863149],[97.9642444624828,4.5077888073075885],[97.96364940110541,4.501747047752028]]]}},{"type":"Feature","properties":{"level":"tinggi","label":"Tinggi","KETERANGAN":"Zona Kerentanan Gerakan Tanah Tinggi","WILAYAH":"-"},"geometry":{"type":"Polygon","coordinates":[[[97.92682986506362,4.524699615799632],[97.9248831700769,4.518282222460877],[97.92172190895553,4.512367918887494],[97.91746756719155,4.507183988449029],[97.91228363675309,4.502929646685049],[97.90636933317971,4.499768385563682],[97.89995193984096,4.497821690576967],[97.89327807356392,4.497164372121524],[97.88660420728688,4.497821690576967],[97.88018681394813,4.499768385563682],[97.87427251037475,4.502929646685049],[97.86908857993629,4.507183988449029],[97.8648342381723,4.512367918887494],[97.86167297705094,4.518282222460877],[97.85972628206422,4.524699615799632],[97.85906896360878,4.531373482076665],[97.85972628206422,4.5380473483536985],[97.86167297705094,4.544464741692453],[97.8648342381723,4.550379045265836],[97.86908857993629,4.5555629757043015],[97.87427251037475,4.559817317468282],[97.88018681394813,4.562978578589648],[97.88660420728688,4.564925273576363],[97.89327807356392,4.565582592031806],[97.89995193984096,4.564925273576363],[97.90636933317971,4.562978578589648],[97.91228363675309,4.559817317468282],[97.91746756719155,4.5555629757043015],[97.92172190895553,4.550379045265836],[97.9248831700769,4.544464741692453],[97.92682986506362,4.5380473483536985],[97.92748718351906,4.531373482076665],[97.92682986506362,4.524699615799632]]]}},{"type":"Feature","properties":{"level":"tinggi","label":"Tinggi","KETERANGAN":"Zona Kerentanan Gerakan Tanah Tinggi","WILAYAH":"-"},"geometry":{"type":"Polygon","coordinates":[[[97.97250862576523,4.436149966242121],[97.97139475840626,4.432478037656251],[97.96958593596602,4.429093968890283],[97.9671516704765,4.426127807809083],[97.9641855093953,4.423693542319561],[97.96080144062934,4.421884719879327],[97.95712951204347,4.42077085252036],[97.953310833794,4.4203947455406025],[97.94949215554455,4.42077085252036],[97.94582022695867,4.421884719879327],[97.9424361581927,4.423693542319561],[97.93946999711152,4.426127807809083],[97.93703573162199,4.429093968890283],[97.93522690918175,4.432478037656251],[97.93411304182278,4.436149966242121],[97.93373693484303,4.439968644491579],[97.93411304182278,4.443787322741036],[97.93522690918175,4.447459251326906],[97.93703573162199,4.450843320092875],[97.93946999711152,4.4538094811740745],[97.9424361581927,4.4562437466635965],[97.94582022695867,4.45805256910383],[97.94949215554455,4.459166436462797],[97.953310833794,4.459542543442555],[97.95712951204347,4.459166436462797],[97.96080144062934,4.45805256910383],[97.9641855093953,4.4562437466635965],[97.9671516704765,4.4538094811740745],[97.96958593596602,4.450843320092875],[97.97139475840626,4.447459251326906],[97.97250862576523,4.443787322741036],[97.97288473274499,4.439968644491579],[97.97250862576523,4.436149966242121]]]}},{"type":"Feature","properties":{"level":"tinggi","label":"Tinggi","KETERANGAN":"Zona Kerentanan Gerakan Tanah Tinggi","WILAYAH":"-"},"geometry":{"type":"Polygon","coordinates":[[[97.9654201622172,4.38793385412737],[97.96417761568607,4.383837727160192],[97.96215982960908,4.380062714927],[97.95944434637357,4.376753889030862],[97.95613552047743,4.374038405795358],[97.95236050824424,4.3720206197183655],[97.94826438127706,4.370778073187238],[97.94400455143811,4.370358516568337],[97.93974472159917,4.370778073187238],[97.93564859463199,4.3720206197183655],[97.9318735823988,4.374038405795358],[97.92856475650265,4.376753889030862],[97.92584927326715,4.380062714927],[97.92383148719016,4.383837727160192],[97.92258894065903,4.38793385412737],[97.92216938404013,4.392193683966318],[97.92258894065903,4.396453513805266],[97.92383148719016,4.400549640772444],[97.92584927326715,4.404324653005636],[97.92856475650265,4.407633478901774],[97.9318735823988,4.410348962137278],[97.93564859463199,4.4123667482142706],[97.93974472159917,4.413609294745398],[97.94400455143811,4.414028851364299],[97.94826438127706,4.413609294745398],[97.95236050824424,4.4123667482142706],[97.95613552047743,4.410348962137278],[97.95944434637357,4.407633478901774],[97.96215982960908,4.404324653005636],[97.96417761568607,4.400549640772444],[97.9654201622172,4.396453513805266],[97.9658397188361,4.392193683966318],[97.9654201622172,4.38793385412737]]]}},{"type":"Feature","properties":{"level":"rendah","label":"Rendah","KETERANGAN":"Zona Kerentanan Gerakan Tanah Rendah","WILAYAH":"-"},"geometry":{"type":"Polygon","coordinates":[[[97.94204624829354,4.4937430812098125],[97.9411185673334,4.490684926925435],[97.93961209519868,4.4878665157953535],[97.93758472476868,4.485396157778716],[97.93511436675205,4.483368787348708],[97.93229595562197,4.481862315213991],[97.92923780133758,4.480934634253866],[97.92605742705302,4.480621394727379],[97.92287705276847,4.480934634253866],[97.91981889848408,4.481862315213991],[97.917000487354,4.483368787348708],[97.91453012933736,4.485396157778716],[97.91250275890737,4.4878665157953535],[97.91099628677264,4.490684926925435],[97.91006860581251,4.4937430812098125],[97.90975536628603,4.496923455494372],[97.91006860581251,4.500103829778931],[97.91099628677264,4.503161984063309],[97.91250275890737,4.50598039519339],[97.91453012933736,4.5084507532100275],[97.917000487354,4.510478123640036],[97.91981889848408,4.511984595774752],[97.92287705276847,4.512912276734878],[97.92605742705302,4.513225516261365],[97.92923780133758,4.512912276734878],[97.93229595562197,4.511984595774752],[97.93511436675205,4.510478123640036],[97.93758472476868,4.5084507532100275],[97.93961209519868,4.50598039519339],[97.9411185673334,4.503161984063309],[97.94204624829354,4.500103829778931],[97.94235948782001,4.496923455494372],[97.94204624829354,4.4937430812098125]]]}},{"type":"Feature","properties":{"level":"tinggi","label":"Tinggi","KETERANGAN":"Zona Kerentanan Gerakan Tanah Tinggi","WILAYAH":"-"},"geometry":{"type":"Polygon","coordinates":[[[97.85634946632308,4.747553889421974],[97.85361991526194,4.738555765464681],[97.84918736485871,4.730263046931599],[97.84322215553956,4.722994418345346],[97.8359535269533,4.717029209026197],[97.82766080842022,4.71259665862296],[97.81866268446294,4.709867107561827],[97.8093049479389,4.7089454509593285],[97.79994721141486,4.709867107561827],[97.79094908745758,4.71259665862296],[97.78265636892449,4.717029209026197],[97.77538774033823,4.722994418345346],[97.76942253101909,4.730263046931599],[97.76498998061585,4.738555765464681],[97.76226042955471,4.747553889421974],[97.76133877295221,4.756911625946008],[97.76226042955471,4.766269362470041],[97.76498998061585,4.775267486427334],[97.76942253101909,4.783560204960416],[97.77538774033823,4.790828833546669],[97.78265636892449,4.796794042865818],[97.79094908745758,4.801226593269055],[97.79994721141486,4.803956144330188],[97.8093049479389,4.804877800932687],[97.81866268446294,4.803956144330188],[97.82721631175941,4.801361429856984],[97.8290426910599,4.798148030701922],[97.83262518834199,4.790020473328218],[97.83602948255097,4.785885582286316],[97.83842461398402,4.782058639499807],[97.85379342171748,4.761139849362471],[97.85720966643704,4.7575356041456285],[97.85634946632308,4.747553889421974]]]}},{"type":"Feature","properties":{"level":"rendah","label":"Rendah","KETERANGAN":"Zona Kerentanan Gerakan Tanah Rendah","WILAYAH":"-"},"geometry":{"type":"Polygon","coordinates":[[[97.7973645647756,4.753517339926855],[97.79676857327334,4.75155261924761],[97.79580073559069,4.749741922299398],[97.79449824518703,4.748154833150488],[97.79291115603812,4.746852342746823],[97.7911004590899,4.745884505064172],[97.78913573841066,4.745288513561908],[97.78709249711426,4.745087271859228],[97.78504925581785,4.745288513561908],[97.78308453513861,4.745884505064172],[97.7812738381904,4.746852342746823],[97.77968674904149,4.748154833150488],[97.77838425863783,4.749741922299398],[97.77741642095518,4.75155261924761],[97.77682042945291,4.753517339926855],[97.77661918775023,4.755560581223259],[97.77682042945291,4.757603822519663],[97.77741642095518,4.759568543198908],[97.77838425863783,4.76137924014712],[97.77968674904149,4.76296632929603],[97.7812738381904,4.764268819699694],[97.78308453513861,4.765236657382346],[97.78504925581785,4.76583264888461],[97.78709249711426,4.766033890587289],[97.78913573841066,4.76583264888461],[97.7911004590899,4.765236657382346],[97.79291115603812,4.764268819699694],[97.79449824518703,4.76296632929603],[97.79580073559069,4.76137924014712],[97.79676857327334,4.759568543198908],[97.7973645647756,4.757603822519663],[97.79756580647829,4.755560581223259],[97.7973645647756,4.753517339926855]]]}},{"type":"Feature","properties":{"level":"rendah","label":"Rendah","KETERANGAN":"Zona Kerentanan Gerakan Tanah Rendah","WILAYAH":"-"},"geometry":{"type":"Polygon","coordinates":[[[97.91092615220448,4.5326966630340895],[97.91013844728332,4.530099947909979],[97.90885928390158,4.527706801545576],[97.90713781959069,4.525609191213572],[97.90504020925869,4.523887726902674],[97.90264706289427,4.522608563520941],[97.90005034777016,4.521820858599769],[97.89734985419231,4.521554883197529],[97.89464936061447,4.521820858599769],[97.89205264549035,4.522608563520941],[97.88965949912594,4.523887726902674],[97.88756188879394,4.525609191213572],[97.88584042448305,4.527706801545576],[97.88456126110131,4.530099947909979],[97.88377355618015,4.5326966630340895],[97.8835075807779,4.535397156611943],[97.88377355618015,4.538097650189796],[97.88456126110131,4.5406943653139065],[97.88584042448305,4.543087511678309],[97.88756188879394,4.545185122010313],[97.88965949912594,4.546906586321211],[97.89205264549035,4.548185749702944],[97.89464936061447,4.548973454624116],[97.89734985419231,4.549239430026356],[97.90005034777016,4.548973454624116],[97.90264706289427,4.548185749702944],[97.90504020925869,4.546906586321211],[97.90713781959069,4.545185122010313],[97.90885928390158,4.543087511678309],[97.91013844728332,4.5406943653139065],[97.91092615220448,4.538097650189796],[97.91119212760672,4.535397156611943],[97.91092615220448,4.5326966630340895]]]}},{"type":"Feature","properties":{"level":"rendah","label":"Rendah","KETERANGAN":"Zona Kerentanan Gerakan Tanah Rendah","WILAYAH":"-"},"geometry":{"type":"Polygon","coordinates":[[[97.8368513710402,4.742630670072259],[97.83436979265674,4.73445000248117],[97.83033992803144,4.726910656049894],[97.82491664260185,4.72030236363367],[97.81830835018562,4.714879078204081],[97.81076900375434,4.710849213578773],[97.80258833616325,4.708367635195321],[97.79408072588011,4.707529708719319],[97.78557311559696,4.708367635195321],[97.77979229078412,4.710121229230811],[97.77142374704066,4.721825827072821],[97.76754943824407,4.725438904322359],[97.76386700624631,4.730449680179036],[97.75723591779753,4.736469871555328],[97.7516982517319,4.744215182547872],[97.75099311487253,4.745848878328958],[97.75047215424402,4.751138280355407],[97.75131008072002,4.759645890638556],[97.75379165910347,4.767826558229645],[97.75782152372878,4.775365904660921],[97.76324480915837,4.781974197077145],[97.7698531015746,4.787397482506734],[97.77739244800587,4.791427347132042],[97.78557311559696,4.793908925515494],[97.79408072588011,4.794746851991496],[97.80258833616325,4.793908925515494],[97.81076900375434,4.791427347132042],[97.81830835018562,4.787397482506734],[97.82491664260185,4.781974197077145],[97.83033992803144,4.775365904660921],[97.83436979265674,4.767826558229645],[97.8368513710402,4.759645890638556],[97.83768929751619,4.751138280355407],[97.8368513710402,4.742630670072259]]]}},{"type":"Feature","properties":{"level":"menengah","label":"Menengah","KETERANGAN":"Zona Kerentanan Gerakan Tanah Menengah","WILAYAH":"-"},"geometry":{"type":"Polygon","coordinates":[[[97.84388576008439,4.75840759583454],[97.8415702201314,4.7507742835944],[97.83780998728635,4.74373938274362],[97.8327495651887,4.7375732405766735],[97.82658342302176,4.732512818479027],[97.81954852217098,4.728752585633974],[97.81191520993085,4.726437045680989],[97.80397683020992,4.725655183521893],[97.796038450489,4.726437045680989],[97.78840513824886,4.728752585633974],[97.78137023739808,4.732512818479027],[97.77520409523113,4.7375732405766735],[97.77014367313349,4.74373938274362],[97.76638344028844,4.7507742835944],[97.76406790033545,4.75840759583454],[97.76328603817635,4.76634597555546],[97.76406790033545,4.77428435527638],[97.76638344028844,4.781917667516519],[97.77014367313349,4.7889525683673],[97.77520409523113,4.795118710534246],[97.78137023739808,4.800179132631893],[97.78840513824886,4.8039393654769444],[97.796038450489,4.80625490542993],[97.80397683020992,4.807036767589026],[97.81191520993085,4.80625490542993],[97.81954852217098,4.8039393654769444],[97.82658342302176,4.800179132631893],[97.82902902107416,4.7981720821793905],[97.83262518834199,4.790020473328218],[97.83602948255097,4.785885582286316],[97.83842461398402,4.782058639499807],[97.84364301561443,4.775084576551498],[97.84466762224349,4.76634597555546],[97.84388576008439,4.75840759583454]]]}},{"type":"Feature","properties":{"level":"tinggi","label":"Tinggi","KETERANGAN":"Zona Kerentanan Gerakan Tanah Tinggi","WILAYAH":"-"},"geometry":{"type":"Polygon","coordinates":[[[97.87053670688883,4.656614847623054],[97.86850570600718,4.6499195349942966],[97.86520753954123,4.643749099536329],[97.86076895417864,4.638340667623382],[97.85536052226568,4.633902082260785],[97.84919008680772,4.630603915794836],[97.84249477417896,4.628572914913188],[97.83553188148896,4.627887129840725],[97.82856898879896,4.628572914913188],[97.8218736761702,4.630603915794836],[97.81570324071224,4.633902082260785],[97.81029480879928,4.638340667623382],[97.80585622343669,4.643749099536329],[97.80255805697074,4.6499195349942966],[97.8005270560891,4.656614847623053],[97.79984127101663,4.663577740313052],[97.8005270560891,4.67054063300305],[97.80255805697074,4.677235945631807],[97.80585622343669,4.683406381089775],[97.81029480879928,4.688814813002722],[97.81570324071224,4.693253398365319],[97.8218736761702,4.6965515648312675],[97.82856898879896,4.698582565712916],[97.83553188148896,4.6992683507853785],[97.84249477417896,4.698582565712916],[97.84919008680772,4.6965515648312675],[97.85536052226568,4.693253398365319],[97.86076895417864,4.688814813002722],[97.86520753954123,4.683406381089775],[97.86850570600718,4.677235945631807],[97.87053670688883,4.670540633003051],[97.87122249196129,4.663577740313052],[97.87053670688883,4.656614847623054]]]}},{"type":"Feature","properties":{"level":"tinggi","label":"Tinggi","KETERANGAN":"Zona Kerentanan Gerakan Tanah Tinggi","WILAYAH":"-"},"geometry":{"type":"Polygon","coordinates":[[[97.83172306768516,4.742274696495116],[97.83002609070697,4.736680513107308],[97.82727034962704,4.731524884169799],[97.82356174602963,4.727005937611344],[97.81904279947118,4.723297334013933],[97.81388717053366,4.720541592934003],[97.80829298714586,4.71884461595582],[97.8024752306381,4.718271616952981],[97.79665747413033,4.71884461595582],[97.79106329074253,4.720541592934003],[97.78590766180501,4.723297334013933],[97.78138871524656,4.727005937611344],[97.77768011164915,4.731524884169799],[97.77492437056922,4.736680513107308],[97.77322739359103,4.742274696495116],[97.77265439458819,4.748092453002881],[97.77322739359103,4.7539102095106465],[97.77492437056922,4.759504392898454],[97.77768011164915,4.764660021835963],[97.78138871524656,4.769178968394418],[97.78590766180501,4.77288757199183],[97.79106329074253,4.775643313071759],[97.79665747413033,4.777340290049942],[97.8024752306381,4.777913289052782],[97.80829298714586,4.777340290049942],[97.81388717053366,4.775643313071759],[97.81904279947118,4.77288757199183],[97.82356174602963,4.769178968394418],[97.82727034962704,4.764660021835963],[97.83002609070697,4.759504392898454],[97.83172306768516,4.7539102095106465],[97.832296066688,4.748092453002881],[97.83172306768516,4.742274696495116]]]}},{"type":"Feature","properties":{"level":"tinggi","label":"Tinggi","KETERANGAN":"Zona Kerentanan Gerakan Tanah Tinggi","WILAYAH":"-"},"geometry":{"type":"Polygon","coordinates":[[[97.87607422595242,4.666366634991366],[97.8735596461686,4.658077176362953],[97.86947619017707,4.650437567537455],[97.86398078290155,4.643741394397697],[97.85728460976179,4.638245987122181],[97.84964500093629,4.634162531130645],[97.84135554230788,4.631647951346816],[97.83273479312285,4.630798881661592],[97.82411404393783,4.631647951346816],[97.81582458530941,4.634162531130645],[97.80818497648391,4.638245987122181],[97.80148880334416,4.643741394397697],[97.79599339606864,4.650437567537455],[97.79177079493581,4.658535876420714],[97.79206595990796,4.672107786098247],[97.79239769528795,4.674864118810094],[97.79041639467252,4.684174405051927],[97.79043232347166,4.687026542839456],[97.7919099400771,4.691897591989823],[97.79599339606864,4.699537200815321],[97.80148880334416,4.7062333739550795],[97.80818497648391,4.711728781230596],[97.81582458530941,4.715812237222131],[97.82411404393783,4.718326817005961],[97.83273479312285,4.719175886691184],[97.84135554230788,4.718326817005961],[97.84964500093629,4.715812237222131],[97.85728460976179,4.711728781230596],[97.86398078290155,4.7062333739550795],[97.86947619017707,4.699537200815321],[97.8735596461686,4.691897591989823],[97.87607422595242,4.68360813336141],[97.87692329563765,4.674987384176388],[97.87607422595242,4.666366634991366]]]}},{"type":"Feature","properties":{"level":"tinggi","label":"Tinggi","KETERANGAN":"Zona Kerentanan Gerakan Tanah Tinggi","WILAYAH":"-"},"geometry":{"type":"Polygon","coordinates":[[[97.83548167618018,4.7257391550402135],[97.83424790408039,4.721671953496687],[97.8322443669067,4.717923599086606],[97.82954805946913,4.714638138967848],[97.82626259935037,4.71194183153027],[97.8225142449403,4.709938294356591],[97.81844704339676,4.7087045222568],[97.8142172949942,4.708287928400783],[97.80998754659163,4.7087045222568],[97.8059203450481,4.709938294356591],[97.80217199063802,4.71194183153027],[97.79888653051925,4.714638138967848],[97.79619022308168,4.717923599086606],[97.794186685908,4.721671953496687],[97.79295291380821,4.7257391550402135],[97.79253631995219,4.7299689034427805],[97.79295291380821,4.734198651845348],[97.794186685908,4.738265853388874],[97.79619022308168,4.742014207798955],[97.79888653051925,4.745299667917713],[97.80217199063802,4.747995975355291],[97.8059203450481,4.74999951252897],[97.80998754659163,4.7512332846287615],[97.8142172949942,4.751649878484778],[97.81844704339676,4.7512332846287615],[97.8225142449403,4.74999951252897],[97.82626259935037,4.747995975355291],[97.82954805946913,4.745299667917713],[97.8322443669067,4.742014207798955],[97.83424790408039,4.738265853388874],[97.83548167618018,4.734198651845348],[97.8358982700362,4.7299689034427805],[97.83548167618018,4.7257391550402135]]]}},{"type":"Feature","properties":{"level":"menengah","label":"Menengah","KETERANGAN":"Zona Kerentanan Gerakan Tanah Menengah","WILAYAH":"-"},"geometry":{"type":"Polygon","coordinates":[[[97.83404210584848,4.753174174908254],[97.83154694169382,4.744948721031548],[97.8274950149732,4.737368099323057],[97.82204203895814,4.730723628823775],[97.81539756845886,4.725270652808727],[97.80781694675036,4.721218726088108],[97.79959149287366,4.718723561933444],[97.79103730640834,4.717881048103895],[97.78248311994302,4.718723561933444],[97.77425766606632,4.721218726088108],[97.76922066037027,4.723911061724496],[97.76659798566696,4.726532879506998],[97.76386700624631,4.730449680179036],[97.75723591779753,4.736469871555328],[97.7516982517319,4.744215182547872],[97.75068649375618,4.746559273222527],[97.74956939090879,4.748107747537713],[97.7480325069682,4.753174174908254],[97.74718999313866,4.761728361373578],[97.7480325069682,4.770282547838902],[97.75052767112287,4.778508001715608],[97.75457959784349,4.7860886234240985],[97.76003257385854,4.792733093923381],[97.76667704435782,4.798186069938429],[97.77425766606632,4.802237996659048],[97.78248311994302,4.804733160813711],[97.79103730640834,4.8055756746432605],[97.79959149287366,4.804733160813711],[97.80781694675036,4.802237996659048],[97.81539756845886,4.798186069938429],[97.82204203895814,4.792733093923381],[97.8274950149732,4.7860886234240985],[97.83154694169382,4.778508001715608],[97.83404210584848,4.770282547838902],[97.83488461967802,4.761728361373578],[97.83404210584848,4.753174174908254]]]}},{"type":"Feature","properties":{"level":"rendah","label":"Rendah","KETERANGAN":"Zona Kerentanan Gerakan Tanah Rendah","WILAYAH":"-"},"geometry":{"type":"Polygon","coordinates":[[[97.84216626701692,4.758007484402582],[97.83989065105439,4.7505057839209135],[97.83619525125185,4.743592177161415],[97.83122207975131,4.737532350154656],[97.82516225274456,4.732559178654119],[97.81824864598507,4.728863778851583],[97.8107469455034,4.726588162889053],[97.80294543744206,4.72581978141179],[97.79514392938073,4.726588162889053],[97.78764222889906,4.728863778851583],[97.78072862213956,4.732559178654119],[97.77466879513281,4.737532350154656],[97.76969562363227,4.743592177161415],[97.76600022382974,4.7505057839209135],[97.7637246078672,4.758007484402582],[97.76295622638995,4.765808992463912],[97.7637246078672,4.773610500525241],[97.76600022382974,4.78111220100691],[97.76969562363227,4.788025807766409],[97.77466879513281,4.794085634773167],[97.78072862213956,4.799058806273704],[97.78764222889906,4.802754206076241],[97.79514392938073,4.805029822038771],[97.80294543744206,4.805798203516034],[97.8107469455034,4.805029822038771],[97.81824864598507,4.802754206076241],[97.82516225274456,4.799058806273704],[97.8306420067585,4.79456168837551],[97.83262518834199,4.790020473328218],[97.83602948255097,4.785885582286316],[97.83842461398402,4.782058639499807],[97.84031325264398,4.779719070267657],[97.84216626701692,4.773610500525241],[97.84293464849418,4.765808992463912],[97.84216626701692,4.758007484402582]]]}},{"type":"Feature","properties":{"level":"tinggi","label":"Tinggi","KETERANGAN":"Zona Kerentanan Gerakan Tanah Tinggi","WILAYAH":"-"},"geometry":{"type":"Polygon","coordinates":[[[97.8694674422288,4.658461981509026],[97.86754917325385,4.65213829617268],[97.86443407347076,4.646310354388929],[97.86024185441723,4.6412021206921725],[97.85513362072048,4.637009901638649],[97.84930567893673,4.633894801855561],[97.84298199360038,4.631976532880604],[97.83640558039255,4.631328812714709],[97.82982916718473,4.631976532880604],[97.82350548184837,4.633894801855561],[97.81767754006462,4.637009901638649],[97.81256930636788,4.6412021206921725],[97.80837708731434,4.646310354388929],[97.80526198753125,4.65213829617268],[97.8033437185563,4.658461981509026],[97.8026959983904,4.665038394716853],[97.8033437185563,4.67161480792468],[97.80526198753125,4.677938493261026],[97.80837708731434,4.683766435044777],[97.81256930636788,4.6888746687415335],[97.81767754006462,4.693066887795057],[97.82350548184837,4.696181987578145],[97.82982916718473,4.698100256553102],[97.83640558039255,4.698747976718997],[97.84298199360038,4.698100256553102],[97.84930567893673,4.696181987578145],[97.85513362072048,4.693066887795057],[97.86024185441723,4.6888746687415335],[97.86443407347076,4.683766435044777],[97.86754917325385,4.677938493261026],[97.8694674422288,4.67161480792468],[97.8701151623947,4.665038394716853],[97.8694674422288,4.658461981509026]]]}},{"type":"Feature","properties":{"level":"menengah","label":"Menengah","KETERANGAN":"Zona Kerentanan Gerakan Tanah Menengah","WILAYAH":"-"},"geometry":{"type":"Polygon","coordinates":[[[97.8831532795597,4.615775566743204],[97.8813158996432,4.609718536896488],[97.87833215656332,4.604136346219444],[97.87431671389332,4.599243515169262],[97.86942388284314,4.59522807249927],[97.86384169216609,4.5922443294193895],[97.85778466231938,4.590406949502878],[97.85148556156318,4.589786542229511],[97.84518646080699,4.590406949502878],[97.83912943096027,4.5922443294193895],[97.83354724028322,4.59522807249927],[97.82865440923304,4.599243515169262],[97.82463896656304,4.604136346219444],[97.82165522348316,4.609718536896488],[97.81981784356665,4.615775566743204],[97.81919743629328,4.622074667499405],[97.81981784356665,4.628373768255606],[97.82165522348316,4.634430798102321],[97.82463896656304,4.6400129887793655],[97.82865440923304,4.644905819829547],[97.83354724028322,4.648921262499539],[97.83912943096027,4.65190500557942],[97.84518646080699,4.653742385495931],[97.85148556156318,4.654362792769298],[97.85778466231938,4.653742385495931],[97.86384169216609,4.65190500557942],[97.86942388284314,4.648921262499539],[97.87431671389332,4.644905819829547],[97.87833215656332,4.6400129887793655],[97.8813158996432,4.634430798102321],[97.8831532795597,4.628373768255606],[97.88377368683308,4.622074667499405],[97.8831532795597,4.615775566743204]]]}},{"type":"Feature","properties":{"level":"tinggi","label":"Tinggi","KETERANGAN":"Zona Kerentanan Gerakan Tanah Tinggi","WILAYAH":"-"},"geometry":{"type":"Polygon","coordinates":[[[98.36849478893082,3.858447545706982],[98.36751900081664,3.8552308033889924],[98.3659344069028,3.852266236690073],[98.36380190224476,3.8496677722459154],[98.3612034378006,3.8475352675878733],[98.35823887110168,3.845950673674032],[98.35502212878369,3.8449748855598505],[98.35167682844994,3.844645402235328],[98.34833152811619,3.8449748855598505],[98.3451147857982,3.845950673674032],[98.34215021909928,3.8475352675878733],[98.33955175465512,3.8496677722459154],[98.33741924999708,3.852266236690073],[98.33583465608324,3.8552308033889924],[98.33485886796906,3.858447545706982],[98.33452938464454,3.8617928460407316],[98.33485886796906,3.8651381463744814],[98.33583465608324,3.868354888692471],[98.33741924999708,3.87131945539139],[98.33955175465512,3.873917919835548],[98.34215021909928,3.87605042449359],[98.3451147857982,3.8776350184074313],[98.34833152811619,3.8786108065216127],[98.35167682844994,3.878940289846135],[98.35502212878369,3.8786108065216127],[98.35823887110168,3.8776350184074313],[98.3612034378006,3.87605042449359],[98.36380190224476,3.873917919835548],[98.3659344069028,3.87131945539139],[98.36751900081664,3.868354888692471],[98.36849478893082,3.8651381463744814],[98.36882427225534,3.8617928460407316],[98.36849478893082,3.858447545706982]]]}},{"type":"Feature","properties":{"level":"sangat_rendah","label":"Sangat rendah","KETERANGAN":"Zona Kerentanan Gerakan Tanah Sangat Rendah","WILAYAH":"-"},"geometry":{"type":"Polygon","coordinates":[[[98.2986241707946,4.001202783391609],[98.29679938213899,3.9951872613693733],[98.2938360861573,3.9896433245224583],[98.28984816065228,3.984784023234815],[98.28498885936465,3.980796097729799],[98.27944492251773,3.9778328017481153],[98.27342940049549,3.9760080130925033],[98.26717346643571,3.975391857367645],[98.26091753237593,3.9760080130925033],[98.25490201035369,3.9778328017481153],[98.24935807350677,3.980796097729799],[98.24449877221913,3.984784023234815],[98.24051084671412,3.9896433245224583],[98.23754755073243,3.9951872613693733],[98.23572276207682,4.001202783391609],[98.23510660635196,4.007458717451393],[98.23572276207682,4.013714651511178],[98.23754755073243,4.0197301735334126],[98.24051084671412,4.025274110380328],[98.24449877221913,4.030133411667972],[98.24935807350677,4.034121337172987],[98.25490201035369,4.037084633154671],[98.26091753237593,4.038909421810283],[98.26717346643571,4.039525577535141],[98.27342940049549,4.038909421810283],[98.27944492251773,4.037084633154671],[98.28498885936465,4.034121337172987],[98.28984816065228,4.030133411667972],[98.2938360861573,4.025274110380328],[98.29679938213899,4.0197301735334126],[98.2986241707946,4.013714651511178],[98.29924032651945,4.007458717451393],[98.2986241707946,4.001202783391609]]]}},{"type":"Feature","properties":{"level":"rendah","label":"Rendah","KETERANGAN":"Zona Kerentanan Gerakan Tanah Rendah","WILAYAH":"-"},"geometry":{"type":"Polygon","coordinates":[[[98.30946224782417,4.006472022789355],[98.30785989354092,4.001189768623284],[98.30525781137969,3.996321615302956],[98.30175599789867,3.9920546432303796],[98.2974890258261,3.9885528297493575],[98.29262087250576,3.985950747588127],[98.28733861833969,3.984348393304878],[98.28184525739316,3.9838073444761064],[98.27635189644663,3.984348393304878],[98.27106964228055,3.985950747588127],[98.26620148896022,3.9885528297493575],[98.26193451688765,3.9920546432303796],[98.25843270340663,3.996321615302956],[98.2558306212454,4.001189768623284],[98.25422826696214,4.006472022789355],[98.25368721813338,4.011965383735888],[98.25422826696214,4.017458744682422],[98.2558306212454,4.022740998848493],[98.25843270340663,4.027609152168821],[98.26193451688765,4.031876124241397],[98.26620148896022,4.035377937722419],[98.27106964228055,4.03798001988365],[98.27635189644663,4.039582374166899],[98.28184525739316,4.04012342299567],[98.28733861833969,4.039582374166899],[98.29262087250576,4.03798001988365],[98.2974890258261,4.035377937722419],[98.30175599789867,4.031876124241397],[98.30525781137969,4.027609152168821],[98.30785989354092,4.022740998848493],[98.30946224782417,4.017458744682422],[98.31000329665294,4.011965383735888],[98.30946224782417,4.006472022789355]]]}},{"type":"Feature","properties":{"level":"rendah","label":"Rendah","KETERANGAN":"Zona Kerentanan Gerakan Tanah Rendah","WILAYAH":"-"},"geometry":{"type":"Polygon","coordinates":[[[98.4523007374681,3.7441026929131165],[98.45129703879914,3.740793941826683],[98.44966712060375,3.7377445793611233],[98.4474736197241,3.7350717908058875],[98.44480083116886,3.732878289926236],[98.4417514687033,3.7312483717308442],[98.43844271761687,3.7302446730618923],[98.43500173135824,3.7299057654963477],[98.43156074509962,3.7302446730618923],[98.42825199401318,3.7312483717308442],[98.42520263154762,3.732878289926236],[98.42252984299239,3.7350717908058875],[98.42033634211273,3.7377445793611233],[98.41870642391734,3.740793941826683],[98.41770272524839,3.7441026929131165],[98.41736381768284,3.747543679171742],[98.41770272524839,3.750984665430367],[98.41870642391734,3.7542934165168007],[98.42033634211273,3.7573427789823604],[98.42252984299239,3.760015567537596],[98.42520263154762,3.762209068417248],[98.42825199401318,3.7638389866126394],[98.43156074509962,3.7648426852815913],[98.43500173135824,3.765181592847136],[98.43844271761687,3.7648426852815913],[98.4417514687033,3.7638389866126394],[98.44480083116886,3.762209068417248],[98.4474736197241,3.760015567537596],[98.44966712060375,3.7573427789823604],[98.45129703879914,3.7542934165168007],[98.4523007374681,3.750984665430367],[98.45263964503364,3.747543679171742],[98.4523007374681,3.7441026929131165]]]}},{"type":"Feature","properties":{"level":"menengah","label":"Menengah","KETERANGAN":"Zona Kerentanan Gerakan Tanah Menengah","WILAYAH":"-"},"geometry":{"type":"Polygon","coordinates":[[[98.32956692446209,3.926227038751812],[98.32678271270181,3.9170487226180937],[98.32226139813973,3.908589938024126],[98.31617673235887,3.9011757513181147],[98.30876254565285,3.895091085537247],[98.30030376105888,3.8905697709751625],[98.29112544492517,3.8877855592148993],[98.28158031479346,3.8868454459530004],[98.27203518466175,3.8877855592148993],[98.26285686852803,3.8905697709751625],[98.2560916200111,3.894185871644935],[98.25197800563464,3.900643975164574],[98.24888417520715,3.907031930857587],[98.2449001223417,3.9122927164448686],[98.24210012234172,3.916762843606618],[98.23753551414728,3.926471165485825],[98.23541356150105,3.93698332061208],[98.23451396551424,3.948350990956277],[98.2363779168851,3.9544956151489483],[98.24089923144719,3.962954399742916],[98.24698389722805,3.9703685864489273],[98.25439808393406,3.976453252229795],[98.26285686852803,3.9809745667918794],[98.27203518466175,3.9837587785521427],[98.28158031479346,3.9846988918140416],[98.29112544492517,3.9837587785521427],[98.30030376105888,3.9809745667918794],[98.30876254565285,3.976453252229795],[98.31617673235887,3.9703685864489273],[98.32226139813973,3.962954399742916],[98.32387600884638,3.959933675574508],[98.32417477246497,3.9560497803233328],[98.32722581605303,3.951463013145732],[98.32842289815336,3.9490886483344805],[98.32956692446209,3.94531729901523],[98.33050703772398,3.935772168883521],[98.32956692446209,3.926227038751812]]]}},{"type":"Feature","properties":{"level":"rendah","label":"Rendah","KETERANGAN":"Zona Kerentanan Gerakan Tanah Rendah","WILAYAH":"-"},"geometry":{"type":"Polygon","coordinates":[[[98.15458793910605,4.032140185618502],[98.15198689205442,4.023565682608601],[98.14776302083921,4.0156633753766],[98.14207864646245,4.008736945157759],[98.13515221624361,4.003052570781001],[98.12724990901161,3.9988286995657925],[98.11867540600171,3.996227652514158],[98.11165172860672,3.995535880670797],[98.09797207404799,4.00277397425812],[98.09037437758005,4.008441126529154],[98.08413934741343,4.0155736738565775],[98.08325440115173,4.017168535813477],[98.0773149216593,4.024386332010236],[98.07334280690216,4.032001069208188],[98.06864211878337,4.0457703624932675],[98.06811575575084,4.05055533210674],[98.06631901876845,4.054558475958488],[98.06752954905747,4.058549059519934],[98.07175342027269,4.066451366751935],[98.07743779464944,4.073377796970776],[98.08436422486828,4.079062171347534],[98.09226653210028,4.083286042562743],[98.10084103511018,4.085887089614377],[98.10975822055595,4.086765355722926],[98.11867540600171,4.085887089614377],[98.12724990901161,4.083286042562743],[98.13515221624361,4.079062171347534],[98.14207864646245,4.073377796970776],[98.14776302083921,4.066451366751935],[98.15198689205442,4.058549059519934],[98.15458793910605,4.049974556510033],[98.15546620521461,4.041057371064268],[98.15458793910605,4.032140185618502]]]}},{"type":"Feature","properties":{"level":"rendah","label":"Rendah","KETERANGAN":"Zona Kerentanan Gerakan Tanah Rendah","WILAYAH":"-"},"geometry":{"type":"Polygon","coordinates":[[[98.35333861670169,3.8749134374982357],[98.35258357091612,3.8724243851156652],[98.35135744309277,3.870130461302132],[98.34970735263626,3.8681198202633444],[98.34769671159748,3.8664697298068416],[98.34540278778394,3.8652436019834853],[98.34291373540137,3.8644885561979074],[98.34032520733695,3.864233608436213],[98.33773667927252,3.8644885561979074],[98.33524762688995,3.8652436019834853],[98.33295370307641,3.8664697298068416],[98.33094306203763,3.8681198202633444],[98.32929297158113,3.870130461302132],[98.32806684375777,3.8724243851156652],[98.3273117979722,3.8749134374982357],[98.3270568502105,3.8775019655626592],[98.3273117979722,3.880090493627083],[98.32806684375777,3.8825795460096533],[98.32929297158113,3.8848734698231864],[98.33094306203763,3.886884110861974],[98.33295370307641,3.888534201318477],[98.33524762688995,3.8897603291418332],[98.33773667927252,3.890515374927411],[98.34032520733695,3.8907703226891055],[98.34291373540137,3.890515374927411],[98.34540278778394,3.8897603291418332],[98.34769671159748,3.888534201318477],[98.34970735263626,3.886884110861974],[98.35135744309277,3.8848734698231864],[98.35258357091612,3.8825795460096533],[98.35333861670169,3.880090493627083],[98.3535935644634,3.8775019655626592],[98.35333861670169,3.8749134374982357]]]}},{"type":"Feature","properties":{"level":"menengah","label":"Menengah","KETERANGAN":"Zona Kerentanan Gerakan Tanah Menengah","WILAYAH":"-"},"geometry":{"type":"Polygon","coordinates":[[[98.44072194810614,3.7590895686911128],[98.43996009416595,3.7565780728305924],[98.43872291049944,3.7542634649893194],[98.43705794138107,3.7522346942485876],[98.43502917064033,3.7505697251302155],[98.43271456279906,3.749332541463696],[98.43020306693855,3.7485706875235136],[98.42759119843623,3.7483134409293366],[98.42497932993392,3.7485706875235136],[98.4224678340734,3.749332541463696],[98.42015322623213,3.7505697251302155],[98.4181244554914,3.7522346942485876],[98.41645948637303,3.7542634649893194],[98.41522230270651,3.7565780728305924],[98.41446044876632,3.7590895686911128],[98.41420320217215,3.7617014371934245],[98.41446044876632,3.7643133056957363],[98.41522230270651,3.7668248015562567],[98.41645948637303,3.7691394093975297],[98.4181244554914,3.7711681801382615],[98.42015322623213,3.7728331492566336],[98.4224678340734,3.774070332923153],[98.42497932993392,3.7748321868633354],[98.42759119843623,3.7750894334575125],[98.43020306693855,3.7748321868633354],[98.43271456279906,3.774070332923153],[98.43502917064033,3.7728331492566336],[98.43705794138107,3.7711681801382615],[98.43872291049944,3.7691394093975297],[98.43996009416595,3.7668248015562567],[98.44072194810614,3.7643133056957363],[98.44097919470032,3.7617014371934245],[98.44072194810614,3.7590895686911128]]]}},{"type":"Feature","properties":{"level":"sangat_rendah","label":"Sangat rendah","KETERANGAN":"Zona Kerentanan Gerakan Tanah Sangat Rendah","WILAYAH":"-"},"geometry":{"type":"Polygon","coordinates":[[[98.50252826437541,3.7404513010994678],[98.50173803255055,3.737846255890242],[98.50045476569987,3.7354454324754287],[98.4987277790488,3.7333410931524624],[98.49662343972584,3.731614106501397],[98.49422261631103,3.7303308396507284],[98.4916175711018,3.7295406078258626],[98.48890841452463,3.7292737791926625],[98.48619925794746,3.7295406078258626],[98.48359421273823,3.7303308396507284],[98.48119338932342,3.731614106501397],[98.47908905000045,3.7333410931524624],[98.47736206334939,3.7354454324754287],[98.47607879649871,3.737846255890242],[98.47528856467385,3.7404513010994678],[98.47502173604065,3.7431604576766415],[98.47528856467385,3.7458696142538153],[98.47607879649871,3.748474659463041],[98.47736206334939,3.7508754828778543],[98.47908905000045,3.7529798222008206],[98.48119338932342,3.754706808851886],[98.48359421273823,3.7559900757025546],[98.48619925794746,3.7567803075274204],[98.48890841452463,3.7570471361606206],[98.4916175711018,3.7567803075274204],[98.49422261631103,3.7559900757025546],[98.49662343972584,3.754706808851886],[98.4987277790488,3.7529798222008206],[98.50045476569987,3.7508754828778543],[98.50173803255055,3.748474659463041],[98.50252826437541,3.7458696142538153],[98.50279509300861,3.7431604576766415],[98.50252826437541,3.7404513010994678]]]}},{"type":"Feature","properties":{"level":"sangat_rendah","label":"Sangat rendah","KETERANGAN":"Zona Kerentanan Gerakan Tanah Sangat Rendah","WILAYAH":"-"},"geometry":{"type":"Polygon","coordinates":[[[98.43624517592814,3.753314556939742],[98.43546910599864,3.7507561972428998],[98.43420883681812,3.748398399442716],[98.43251279982442,3.746331772386383],[98.4304461727681,3.7446357353926976],[98.42808837496791,3.743375466212179],[98.42553001527106,3.7425993962826674],[98.42286941000597,3.742337349536329],[98.42020880474088,3.7425993962826674],[98.41765044504403,3.743375466212179],[98.41529264724385,3.7446357353926976],[98.41322602018752,3.746331772386383],[98.41152998319383,3.748398399442716],[98.41026971401331,3.7507561972428998],[98.40949364408381,3.753314556939742],[98.40923159733747,3.7559751622048365],[98.40949364408381,3.758635767469931],[98.41026971401331,3.7611941271667733],[98.41152998319383,3.763551924966957],[98.41322602018752,3.76561855202329],[98.41529264724385,3.7673145890169755],[98.41765044504403,3.7685748581974936],[98.42020880474088,3.7693509281270057],[98.42286941000597,3.7696129748733442],[98.42553001527106,3.7693509281270057],[98.42808837496791,3.768574858197494],[98.4304461727681,3.7673145890169755],[98.43251279982442,3.76561855202329],[98.43420883681812,3.763551924966957],[98.43546910599864,3.7611941271667733],[98.43624517592814,3.758635767469931],[98.43650722267448,3.7559751622048365],[98.43624517592814,3.753314556939742]]]}},{"type":"Feature","properties":{"level":"menengah","label":"Menengah","KETERANGAN":"Zona Kerentanan Gerakan Tanah Menengah","WILAYAH":"-"},"geometry":{"type":"Polygon","coordinates":[[[98.179292426661,4.016160268583816],[98.17646620448426,4.006843462666793],[98.17187666870764,3.9982570451575525],[98.16570019261722,3.990730987265657],[98.15817413472533,3.9845545111752294],[98.14958771721608,3.9799649753986177],[98.14027091129906,3.977138753221875],[98.13749522902367,3.9768653723792986],[98.1313183379121,3.981288861009858],[98.11871048890727,3.992686971513729],[98.11035562515298,3.9960672878809045],[98.10125562515297,4.000887521742086],[98.09797207404799,4.00277397425812],[98.09037437758005,4.008441126529154],[98.08413934741343,4.0155736738565775],[98.08325440115173,4.017168535813477],[98.08158912578723,4.01902306415376],[98.08091678809686,4.025849423282156],[98.08187108654045,4.035538577980496],[98.08469730871718,4.044855383897519],[98.0892868444938,4.053441801406759],[98.09546332058422,4.060967859298655],[98.10298937847611,4.067144335389083],[98.11157579598536,4.071733871165694],[98.12089260190238,4.074560093342437],[98.13058175660072,4.075514391786021],[98.14027091129906,4.074560093342437],[98.14958771721608,4.071733871165694],[98.15817413472533,4.067144335389083],[98.16570019261722,4.060967859298655],[98.17187666870764,4.053441801406759],[98.17646620448426,4.044855383897519],[98.179292426661,4.035538577980496],[98.18024672510458,4.025849423282156],[98.179292426661,4.016160268583816]]]}},{"type":"Feature","properties":{"level":"sangat_rendah","label":"Sangat rendah","KETERANGAN":"Zona Kerentanan Gerakan Tanah Sangat Rendah","WILAYAH":"-"},"geometry":{"type":"Polygon","coordinates":[[[98.06382516965644,4.195873926215165],[98.06225251969308,4.1906895940686875],[98.0596986747299,4.1859116861984695],[98.05626177759662,4.181723814924482],[98.05207390632263,4.178286917791201],[98.04729599845241,4.175733072828023],[98.04211166630594,4.17416042286467],[98.03672014086018,4.173629403957282],[98.03132861541442,4.17416042286467],[98.02614428326795,4.175733072828023],[98.02136637539773,4.178286917791201],[98.01717850412375,4.181723814924482],[98.01374160699046,4.1859116861984695],[98.01118776202729,4.1906895940686875],[98.00961511206393,4.195873926215165],[98.00908409315655,4.201265451660921],[98.00961511206393,4.206656977106678],[98.01118776202729,4.211841309253155],[98.01374160699046,4.216619217123373],[98.01717850412375,4.22080708839736],[98.02136637539773,4.2242439855306415],[98.02614428326795,4.22679783049382],[98.03132861541442,4.228370480457173],[98.03672014086018,4.228901499364561],[98.04211166630594,4.228370480457173],[98.04729599845241,4.22679783049382],[98.05207390632263,4.2242439855306415],[98.05626177759662,4.22080708839736],[98.0596986747299,4.216619217123373],[98.06225251969308,4.211841309253155],[98.06382516965644,4.206656977106678],[98.06435618856382,4.201265451660921],[98.06382516965644,4.195873926215165]]]}},{"type":"Feature","properties":{"level":"sangat_rendah","label":"Sangat rendah","KETERANGAN":"Zona Kerentanan Gerakan Tanah Sangat Rendah","WILAYAH":"-"},"geometry":{"type":"Polygon","coordinates":[[[98.09731818377163,4.159974971118004],[98.09477438543524,4.151589191830298],[98.090643481089,4.143860813376795],[98.08508421907031,4.13708683300734],[98.07831023870085,4.131527570988638],[98.07058186024734,4.127396666642399],[98.06219608095964,4.12485286830601],[98.05347516163296,4.12399393272296],[98.04475424230628,4.12485286830601],[98.03636846301858,4.127396666642399],[98.02864008456507,4.131527570988638],[98.02186610419561,4.13708683300734],[98.01630684217692,4.143860813376795],[98.01217593783068,4.151589191830298],[98.00963213949429,4.159974971118004],[98.00877320391123,4.168695890444687],[98.00963213949429,4.177416809771371],[98.01217593783068,4.185802589059077],[98.01630684217692,4.193530967512579],[98.02186610419561,4.200304947882035],[98.02864008456507,4.205864209900737],[98.03636846301858,4.209995114246976],[98.04475424230628,4.212538912583365],[98.05347516163296,4.213397848166415],[98.06219608095964,4.212538912583365],[98.07058186024734,4.209995114246976],[98.07831023870085,4.205864209900737],[98.08508421907031,4.200304947882035],[98.08963536924668,4.194759355346646],[98.08793673629557,4.193345529666977],[98.08814489308631,4.191239614930276],[98.09354215525903,4.1841257585320255],[98.09583494155328,4.1801520086314286],[98.09665598083645,4.179599800293372],[98.09731818377163,4.177416809771371],[98.09817711935469,4.168695890444687],[98.09731818377163,4.159974971118004]]]}},{"type":"Feature","properties":{"level":"menengah","label":"Menengah","KETERANGAN":"Zona Kerentanan Gerakan Tanah Menengah","WILAYAH":"-"},"geometry":{"type":"Polygon","coordinates":[[[98.11239884416518,4.342058524957951],[98.11111280059083,4.337819007455892],[98.1090243791485,4.333911845748908],[98.10621383670298,4.330487189870235],[98.1027891808243,4.327676647424721],[98.09888201911731,4.3255882259823775],[98.09464250161525,4.324302182408033],[98.09023355059819,4.323867938635028],[98.08582459958112,4.324302182408033],[98.08158508207906,4.3255882259823775],[98.07767792037207,4.327676647424721],[98.0742532644934,4.330487189870235],[98.07144272204788,4.333911845748908],[98.06935430060554,4.337819007455892],[98.06806825703119,4.342058524957951],[98.06763401325819,4.346467475975026],[98.06806825703119,4.350876426992102],[98.06935430060554,4.35511594449416],[98.07144272204788,4.359023106201144],[98.0742532644934,4.362447762079817],[98.07767792037207,4.365258304525331],[98.08158508207906,4.367346725967675],[98.08582459958112,4.368632769542019],[98.09023355059819,4.369067013315024],[98.09464250161525,4.368632769542019],[98.09888201911731,4.367346725967675],[98.1027891808243,4.365258304525331],[98.10621383670298,4.362447762079817],[98.1090243791485,4.359023106201144],[98.11111280059083,4.35511594449416],[98.11239884416518,4.350876426992102],[98.11283308793818,4.346467475975026],[98.11239884416518,4.342058524957951]]]}},{"type":"Feature","properties":{"level":"menengah","label":"Menengah","KETERANGAN":"Zona Kerentanan Gerakan Tanah Menengah","WILAYAH":"-"},"geometry":{"type":"Polygon","coordinates":[[[98.08385933358244,4.238822225515446],[98.08233054792936,4.233782494621068],[98.07984793474087,4.229137852028023],[98.07650689944953,4.225066788746416],[98.07243583616791,4.221725753455079],[98.06779119357488,4.219243140266585],[98.0627514626805,4.217714354613502],[98.05751031751674,4.217198146871125],[98.052269172353,4.217714354613502],[98.04722944145861,4.219243140266585],[98.04258479886558,4.221725753455079],[98.03851373558396,4.225066788746416],[98.03517270029262,4.229137852028023],[98.03269008710413,4.233782494621068],[98.03116130145105,4.238822225515446],[98.03064509370867,4.244063370679198],[98.03116130145105,4.24930451584295],[98.03269008710413,4.254344246737328],[98.03517270029262,4.258988889330373],[98.03851373558396,4.263059952611981],[98.04258479886558,4.266400987903317],[98.04722944145861,4.268883601091812],[98.052269172353,4.270412386744894],[98.05751031751674,4.2709285944872715],[98.0627514626805,4.270412386744894],[98.06779119357488,4.268883601091812],[98.07243583616791,4.266400987903317],[98.07650689944953,4.263059952611981],[98.07984793474087,4.258988889330373],[98.08233054792936,4.254344246737328],[98.08385933358244,4.24930451584295],[98.08437554132482,4.244063370679198],[98.08385933358244,4.238822225515446]]]}},{"type":"Feature","properties":{"level":"sangat_rendah","label":"Sangat rendah","KETERANGAN":"Zona Kerentanan Gerakan Tanah Sangat Rendah","WILAYAH":"-"},"geometry":{"type":"Polygon","coordinates":[[[98.11039539975737,4.23012667787622],[98.10754697668597,4.221461628829796],[98.10425561127279,4.215303917246643],[98.09914187144824,4.209072807241487],[98.09291076144308,4.203959067416936],[98.08580173932037,4.200159215926629],[98.07808800081351,4.197819278932355],[98.07006598056738,4.1970291789005545],[98.06204396032125,4.197819278932355],[98.05433022181438,4.200159215926629],[98.04722119969168,4.203959067416936],[98.04099008968652,4.209072807241487],[98.03587634986197,4.215303917246643],[98.03207649837165,4.22241293936935],[98.02973656137739,4.23012667787622],[98.02894646134558,4.238148698122348],[98.02973656137739,4.246170718368476],[98.03207649837165,4.253884456875347],[98.03587634986197,4.260993478998054],[98.04099008968652,4.2672245890032094],[98.04722119969168,4.27233832882776],[98.05433022181438,4.276138180318068],[98.06204396032125,4.278478117312341],[98.07006598056738,4.279268217344142],[98.07808800081351,4.278478117312341],[98.08580173932037,4.276138180318068],[98.09291076144308,4.27233832882776],[98.09914187144824,4.2672245890032094],[98.10425561127279,4.260993478998054],[98.1080554627631,4.253884456875347],[98.11039539975737,4.246170718368476],[98.11118549978917,4.238148698122348],[98.11039539975737,4.23012667787622]]]}},{"type":"Feature","properties":{"level":"sangat_rendah","label":"Sangat rendah","KETERANGAN":"Zona Kerentanan Gerakan Tanah Sangat Rendah","WILAYAH":"-"},"geometry":{"type":"Polygon","coordinates":[[[98.1148743497523,4.347134785856871],[98.11353634626643,4.342723979481961],[98.11136354650634,4.338658957045656],[98.10843944994826,4.335095935080493],[98.1048764279831,4.332171838522426],[98.1008114055468,4.329999038762332],[98.09640059917189,4.328661035276468],[98.09181351367376,4.328209246788438],[98.08722642817563,4.328661035276468],[98.0828156218007,4.329999038762332],[98.07875059936441,4.332171838522426],[98.07518757739925,4.335095935080493],[98.07226348084117,4.338658957045656],[98.07009068108108,4.342723979481961],[98.06875267759521,4.347134785856871],[98.06830088910719,4.351721871355007],[98.06875267759521,4.356308956853144],[98.07009068108108,4.360719763228054],[98.07226348084117,4.364784785664359],[98.07518757739925,4.3683478076295215],[98.07875059936441,4.371271904187588],[98.0828156218007,4.3734447039476825],[98.08722642817563,4.374782707433546],[98.09181351367376,4.3752344959215765],[98.09640059917189,4.374782707433546],[98.1008114055468,4.3734447039476825],[98.1048764279831,4.371271904187588],[98.10843944994826,4.3683478076295215],[98.11136354650634,4.364784785664359],[98.11353634626643,4.360719763228054],[98.1148743497523,4.356308956853144],[98.11532613824032,4.351721871355007],[98.1148743497523,4.347134785856871]]]}},{"type":"Feature","properties":{"level":"tinggi","label":"Tinggi","KETERANGAN":"Zona Kerentanan Gerakan Tanah Tinggi","WILAYAH":"-"},"geometry":{"type":"Polygon","coordinates":[[[98.09902319076761,4.270147424394159],[98.09729821952246,4.264460956275767],[98.09449701821974,4.259220277243451],[98.0907272354546,4.254626783653417],[98.08613374186456,4.250857000888269],[98.08089306283225,4.248055799585552],[98.07520659471385,4.246330828340399],[98.06929286529017,4.245748376830385],[98.06337913586648,4.246330828340399],[98.05769266774809,4.248055799585552],[98.05245198871577,4.250857000888269],[98.04785849512574,4.254626783653417],[98.04408871236059,4.259220277243451],[98.04128751105787,4.264460956275767],[98.03956253981272,4.270147424394159],[98.03898008830271,4.276061153817845],[98.03956253981272,4.281974883241531],[98.04128751105787,4.287661351359923],[98.04408871236059,4.292902030392239],[98.04785849512574,4.297495523982273],[98.05245198871577,4.301265306747421],[98.05769266774809,4.304066508050138],[98.06337913586648,4.305791479295291],[98.06929286529017,4.306373930805305],[98.07520659471385,4.305791479295291],[98.08089306283225,4.304066508050138],[98.08613374186456,4.301265306747421],[98.0907272354546,4.297495523982273],[98.09449701821974,4.292902030392239],[98.09729821952246,4.287661351359923],[98.09902319076761,4.281974883241531],[98.09960564227762,4.276061153817845],[98.09902319076761,4.270147424394159]]]}},{"type":"Feature","properties":{"level":"tinggi","label":"Tinggi","KETERANGAN":"Zona Kerentanan Gerakan Tanah Tinggi","WILAYAH":"-"},"geometry":{"type":"Polygon","coordinates":[[[98.08753377706607,4.287721703731266],[98.08669620436393,4.284960596564448],[98.08533606010012,4.2824159456257895],[98.08350561385589,4.280185540423806],[98.0812752086539,4.2783550941795845],[98.07873055771525,4.276994949915763],[98.07596945054843,4.276157377213624],[98.07309799495343,4.275874563522395],[98.07022653935843,4.276157377213624],[98.06746543219161,4.276994949915763],[98.06492078125295,4.2783550941795845],[98.06269037605097,4.280185540423806],[98.06085992980674,4.2824159456257895],[98.05949978554293,4.284960596564448],[98.05866221284079,4.287721703731266],[98.05837939914956,4.290593159326269],[98.05866221284079,4.293464614921272],[98.05949978554293,4.2962257220880895],[98.06085992980674,4.298770373026748],[98.06269037605097,4.301000778228732],[98.06492078125295,4.302831224472953],[98.06746543219161,4.304191368736775],[98.07022653935843,4.305028941438914],[98.07309799495343,4.305311755130143],[98.07596945054843,4.305028941438914],[98.07873055771525,4.304191368736775],[98.0812752086539,4.302831224472953],[98.08350561385589,4.301000778228732],[98.08533606010012,4.298770373026748],[98.08669620436393,4.2962257220880895],[98.08753377706607,4.293464614921272],[98.0878165907573,4.290593159326269],[98.08753377706607,4.287721703731266]]]}},{"type":"Feature","properties":{"level":"menengah","label":"Menengah","KETERANGAN":"Zona Kerentanan Gerakan Tanah Menengah","WILAYAH":"-"},"geometry":{"type":"Polygon","coordinates":[[[98.08971833644952,4.163155571863416],[98.08755810400724,4.156034239872636],[98.08405007687435,4.149471182722008],[98.07932906656623,4.143718615017224],[98.07357649886144,4.1389976047091],[98.06701344171081,4.135489577576208],[98.05989210972004,4.133329345133938],[98.05248617168382,4.132599923903575],[98.04508023364761,4.133329345133938],[98.03795890165684,4.135489577576208],[98.0313958445062,4.1389976047091],[98.02564327680142,4.143718615017224],[98.0209222664933,4.149471182722008],[98.0174142393604,4.156034239872636],[98.01525400691813,4.163155571863416],[98.01452458568777,4.170561509899629],[98.01525400691813,4.177967447935843],[98.0174142393604,4.185088779926622],[98.0209222664933,4.19165183707725],[98.02564327680142,4.197404404782035],[98.0313958445062,4.202125415090158],[98.03795890165684,4.205633442223051],[98.04508023364761,4.207793674665321],[98.05248617168382,4.208523095895684],[98.05989210972004,4.207793674665321],[98.06701344171081,4.205633442223051],[98.07357649886144,4.202125415090158],[98.07932906656623,4.197404404782035],[98.08405007687435,4.19165183707725],[98.08755810400724,4.185088779926622],[98.08971833644952,4.177967447935843],[98.09044775767988,4.170561509899629],[98.08971833644952,4.163155571863416]]]}},{"type":"Feature","properties":{"level":"menengah","label":"Menengah","KETERANGAN":"Zona Kerentanan Gerakan Tanah Menengah","WILAYAH":"-"},"geometry":{"type":"Polygon","coordinates":[[[98.08124659029785,4.161038433804437],[98.07953452607201,4.155394514426534],[98.07675428463133,4.150193048538033],[98.07301270909522,4.145633925556016],[98.06845358611321,4.141892350019894],[98.0632521202247,4.139112108579223],[98.0576082008468,4.137400044353389],[98.05173872063604,4.136821951010454],[98.04586924042528,4.137400044353389],[98.04022532104737,4.139112108579223],[98.03502385515887,4.141892350019894],[98.03046473217685,4.145633925556016],[98.02672315664074,4.150193048538033],[98.02394291520007,4.155394514426534],[98.02223085097422,4.161038433804437],[98.02165275763129,4.166907914015198],[98.02223085097422,4.1727773942259585],[98.02394291520007,4.178421313603862],[98.02672315664074,4.183622779492363],[98.03046473217685,4.18818190247438],[98.03502385515887,4.1919234780105015],[98.04022532104737,4.194703719451173],[98.04586924042528,4.196415783677007],[98.05173872063604,4.196993877019942],[98.0576082008468,4.196415783677007],[98.0632521202247,4.194703719451173],[98.06845358611321,4.1919234780105015],[98.07301270909522,4.18818190247438],[98.07675428463133,4.183622779492363],[98.07953452607201,4.178421313603862],[98.08124659029785,4.1727773942259585],[98.08182468364079,4.166907914015198],[98.08124659029785,4.161038433804437]]]}},{"type":"Feature","properties":{"level":"menengah","label":"Menengah","KETERANGAN":"Zona Kerentanan Gerakan Tanah Menengah","WILAYAH":"-"},"geometry":{"type":"Polygon","coordinates":[[[98.09062088646263,4.153190201211456],[98.08900868775153,4.1478754943159055],[98.08639061910691,4.142977432388797],[98.08286729143857,4.138684245203124],[98.0785741042529,4.135160917534784],[98.07367604232579,4.132542848890168],[98.06836133543024,4.130930650179058],[98.06283422477172,4.13038627729379],[98.0573071141132,4.130930650179058],[98.05199240721765,4.132542848890168],[98.04709434529055,4.135160917534784],[98.04280115810487,4.138684245203124],[98.03927783043653,4.142977432388797],[98.03665976179191,4.1478754943159055],[98.03504756308081,4.153190201211456],[98.03450319019554,4.158717311869974],[98.03504756308081,4.164244422528491],[98.03665976179191,4.169559129424042],[98.03927783043653,4.17445719135115],[98.04280115810487,4.178750378536823],[98.04709434529055,4.182273706205163],[98.05199240721765,4.184891774849779],[98.0573071141132,4.186503973560889],[98.06283422477172,4.187048346446157],[98.06836133543024,4.186503973560889],[98.07367604232579,4.184891774849779],[98.0785741042529,4.182273706205163],[98.08286729143857,4.178750378536823],[98.08639061910691,4.17445719135115],[98.08900868775153,4.169559129424042],[98.09062088646263,4.164244422528491],[98.0911652593479,4.158717311869974],[98.09062088646263,4.153190201211456]]]}},{"type":"Feature","properties":{"level":"menengah","label":"Menengah","KETERANGAN":"Zona Kerentanan Gerakan Tanah Menengah","WILAYAH":"-"},"geometry":{"type":"Polygon","coordinates":[[[98.1274037450556,4.319321900456223],[98.1258103412214,4.314069151966386],[98.12322279380071,4.3092281912330135],[98.1197405407898,4.304985053662245],[98.11549740321904,4.301502800651346],[98.11065644248566,4.298915253230658],[98.10540369399583,4.297321849396442],[98.09994101792822,4.296783822764458],[98.09447834186061,4.297321849396442],[98.08922559337077,4.298915253230658],[98.0843846326374,4.301502800651346],[98.08014149506663,4.304985053662245],[98.07665924205573,4.3092281912330135],[98.07407169463504,4.314069151966386],[98.07247829080083,4.319321900456223],[98.07194026416884,4.324784576523834],[98.07247829080083,4.3302472525914455],[98.07407169463504,4.335500001081282],[98.07665924205573,4.340340961814655],[98.08014149506663,4.344584099385424],[98.0843846326374,4.348066352396322],[98.08922559337077,4.350653899817011],[98.09447834186061,4.352247303651225],[98.09994101792822,4.3527853302832105],[98.10540369399583,4.352247303651226],[98.11065644248566,4.350653899817011],[98.11549740321904,4.348066352396322],[98.1197405407898,4.344584099385424],[98.12322279380071,4.340340961814655],[98.1258103412214,4.335500001081282],[98.1274037450556,4.3302472525914455],[98.12794177168759,4.324784576523834],[98.1274037450556,4.319321900456223]]]}},{"type":"Feature","properties":{"level":"tinggi","label":"Tinggi","KETERANGAN":"Zona Kerentanan Gerakan Tanah Tinggi","WILAYAH":"-"},"geometry":{"type":"Polygon","coordinates":[[[98.09377393233679,4.2391082798232995],[98.09179475672087,4.232583812199728],[98.08858074991979,4.226570828400297],[98.08425542441245,4.221300404020298],[98.07898500003246,4.2169750785129665],[98.07297201623302,4.213761071711879],[98.06644754860945,4.211781896095966],[98.05966232879355,4.211113610274211],[98.05287710897765,4.211781896095966],[98.04635264135408,4.213761071711879],[98.04033965755464,4.2169750785129665],[98.03506923317465,4.221300404020298],[98.03074390766731,4.226570828400297],[98.02752990086623,4.232583812199728],[98.02555072525031,4.2391082798232995],[98.02488243942857,4.245893499639201],[98.02555072525031,4.252678719455102],[98.02752990086623,4.259203187078674],[98.03074390766731,4.265216170878104],[98.03506923317465,4.270486595258103],[98.04033965755464,4.274811920765435],[98.04635264135408,4.278025927566523],[98.05287710897765,4.280005103182436],[98.05966232879355,4.280673389004191],[98.06644754860945,4.280005103182436],[98.07297201623302,4.278025927566523],[98.07898500003246,4.274811920765435],[98.08425542441245,4.270486595258103],[98.08858074991979,4.265216170878104],[98.09179475672087,4.259203187078674],[98.09377393233679,4.252678719455102],[98.09444221815853,4.245893499639201],[98.09377393233679,4.2391082798232995]]]}},{"type":"Feature","properties":{"level":"menengah","label":"Menengah","KETERANGAN":"Zona Kerentanan Gerakan Tanah Menengah","WILAYAH":"-"},"geometry":{"type":"Polygon","coordinates":[[[98.71651646762648,3.737077270835248],[98.71454572054837,3.7305805883772125],[98.71134540095001,3.724593211532995],[98.70703849531877,3.71934523183696],[98.70179051562273,3.715038326205724],[98.69580313877852,3.711838006607356],[98.68930645632048,3.709867259529261],[98.68255013211211,3.7092018196764425],[98.67579380790374,3.709867259529261],[98.66929712544571,3.711838006607356],[98.66330974860149,3.715038326205724],[98.65806176890545,3.71934523183696],[98.65375486327422,3.724593211532995],[98.65055454367585,3.7305805883772125],[98.64858379659775,3.737077270835248],[98.64791835674494,3.7438335950436215],[98.64858379659775,3.7505899192519947],[98.65055454367585,3.7570866017100304],[98.65375486327422,3.7630739785542477],[98.65806176890545,3.768321958250283],[98.66330974860149,3.772628863881519],[98.66929712544571,3.7758291834798867],[98.67579380790374,3.7777999305579817],[98.68255013211211,3.7784653704108004],[98.68930645632048,3.7777999305579817],[98.69580313877852,3.7758291834798867],[98.70179051562273,3.772628863881519],[98.70703849531877,3.768321958250283],[98.71134540095001,3.7630739785542477],[98.71454572054837,3.7570866017100304],[98.71651646762648,3.7505899192519947],[98.71718190747929,3.7438335950436215],[98.71651646762648,3.737077270835248]]]}},{"type":"Feature","properties":{"level":"tinggi","label":"Tinggi","KETERANGAN":"Zona Kerentanan Gerakan Tanah Tinggi","WILAYAH":"-"},"geometry":{"type":"Polygon","coordinates":[[[98.66288444170355,3.752113174335933],[98.66126360498005,3.7467699917296926],[98.65863150896445,3.741845686437311],[98.65508930363055,3.737529496749592],[98.65077311394282,3.7339872914156875],[98.64584880865044,3.7313551954000883],[98.6405056260442,3.729734358676577],[98.63494890163517,3.7291870690914624],[98.62939217722614,3.729734358676577],[98.6240489946199,3.7313551954000883],[98.61912468932752,3.7339872914156875],[98.61480849963979,3.737529496749592],[98.61126629430589,3.741845686437311],[98.60863419829029,3.7467699917296926],[98.60701336156679,3.752113174335933],[98.60646607198167,3.7576698987449655],[98.60701336156679,3.763226623153998],[98.60863419829029,3.7685698057602384],[98.61126629430589,3.77349411105262],[98.61480849963979,3.777810300740339],[98.61912468932752,3.7813525060742434],[98.6240489946199,3.7839846020898427],[98.62939217722614,3.785605438813354],[98.63494890163517,3.7861527283984686],[98.6405056260442,3.785605438813354],[98.64584880865044,3.7839846020898427],[98.65077311394282,3.7813525060742434],[98.65508930363055,3.777810300740339],[98.65863150896445,3.77349411105262],[98.66126360498005,3.7685698057602384],[98.66288444170355,3.763226623153998],[98.66343173128867,3.7576698987449655],[98.66288444170355,3.752113174335933]]]}},{"type":"Feature","properties":{"level":"sangat_rendah","label":"Sangat rendah","KETERANGAN":"Zona Kerentanan Gerakan Tanah Sangat Rendah","WILAYAH":"-"},"geometry":{"type":"Polygon","coordinates":[[[98.74750080505868,3.77658562689014],[98.74549091089497,3.7699598937856815],[98.7422270198791,3.763853583184564],[98.73783456151239,3.758501357178729],[98.73248233550656,3.7541088988120195],[98.72637602490543,3.7508450077961477],[98.71975029180098,3.7488351136324427],[98.71285975940063,3.7481564554264546],[98.70596922700028,3.7488351136324427],[98.69934349389582,3.7508450077961477],[98.6932371832947,3.7541088988120195],[98.68788495728887,3.758501357178729],[98.68349249892216,3.763853583184564],[98.68022860790629,3.7699598937856815],[98.67821871374258,3.77658562689014],[98.6775400555366,3.7834761592904886],[98.67821871374258,3.790366691690837],[98.68022860790629,3.7969924247952958],[98.68349249892216,3.8030987353964134],[98.68788495728887,3.808450961402248],[98.6932371832947,3.812843419768958],[98.69934349389582,3.8161073107848296],[98.70596922700028,3.8181172049485346],[98.71285975940063,3.8187958631545227],[98.71975029180098,3.8181172049485346],[98.72637602490543,3.8161073107848296],[98.73248233550656,3.812843419768958],[98.73783456151239,3.808450961402248],[98.7422270198791,3.8030987353964134],[98.74549091089497,3.7969924247952958],[98.74750080505868,3.790366691690837],[98.74817946326466,3.7834761592904886],[98.74750080505868,3.77658562689014]]]}},{"type":"Feature","properties":{"level":"rendah","label":"Rendah","KETERANGAN":"Zona Kerentanan Gerakan Tanah Rendah","WILAYAH":"-"},"geometry":{"type":"Polygon","coordinates":[[[98.69261273710384,3.736585574933809],[98.69030156016024,3.72896664560804],[98.68654841245795,3.721945000127059],[98.6814975253584,3.7157904763889156],[98.67534300162026,3.7107395892893695],[98.66832135613927,3.7069864415870866],[98.66070242681351,3.704675264643476],[98.6527790048242,3.7038948756923578],[98.64485558283488,3.704675264643476],[98.63723665350912,3.7069864415870866],[98.63021500802813,3.7107395892893695],[98.62406048429,3.7157904763889156],[98.61900959719044,3.721945000127059],[98.61525644948816,3.72896664560804],[98.61294527254455,3.736585574933809],[98.61216488359344,3.7445089969231202],[98.61294527254455,3.7524324189124316],[98.61525644948816,3.7600513482382003],[98.61900959719044,3.7670729937191814],[98.62406048429,3.773227517457325],[98.63021500802813,3.778278404556871],[98.63723665350912,3.7820315522591534],[98.64485558283488,3.784342729202764],[98.6527790048242,3.7851231181538827],[98.66070242681351,3.7843427292027645],[98.66832135613927,3.782031552259154],[98.67534300162026,3.778278404556871],[98.6814975253584,3.773227517457325],[98.68654841245795,3.7670729937191814],[98.69030156016024,3.7600513482382003],[98.69261273710384,3.7524324189124316],[98.69339312605496,3.7445089969231202],[98.69261273710384,3.736585574933809]]]}},{"type":"Feature","properties":{"level":"tinggi","label":"Tinggi","KETERANGAN":"Zona Kerentanan Gerakan Tanah Tinggi","WILAYAH":"-"},"geometry":{"type":"Polygon","coordinates":[[[98.76358596666324,3.6206046397759186],[98.76094714485886,3.6119056100947415],[98.75666193077379,3.6038885384252133],[98.75089500278213,3.5968615163355686],[98.74386798069249,3.5910945883439123],[98.73585090902296,3.586809374258834],[98.72715187934178,3.584170552454447],[98.71810519048113,3.583279531372826],[98.70905850162048,3.584170552454447],[98.7003594719393,3.586809374258834],[98.69234240026977,3.5910945883439123],[98.68531537818012,3.5968615163355686],[98.67954845018846,3.6038885384252133],[98.67526323610339,3.6119056100947415],[98.67262441429901,3.6206046397759186],[98.67173339321738,3.6296513286365686],[98.67262441429901,3.6386980174972186],[98.67526323610339,3.6473970471783956],[98.67954845018846,3.655414118847924],[98.68531537818012,3.6624411409375686],[98.69234240026977,3.668208068929225],[98.7003594719393,3.6724932830143033],[98.70905850162048,3.6751321048186902],[98.71810519048113,3.6760231259003113],[98.72715187934178,3.6751321048186902],[98.73585090902296,3.6724932830143033],[98.7419999656482,3.6687592423310695],[98.7450499656482,3.6663593363829494],[98.75174515101155,3.659856301533089],[98.75694739631209,3.652111621829157],[98.76135442670278,3.642691382295087],[98.76309662348258,3.6361227560782705],[98.76441417869749,3.629013617676702],[98.76358596666324,3.6206046397759186]]]}},{"type":"Feature","properties":{"level":"menengah","label":"Menengah","KETERANGAN":"Zona Kerentanan Gerakan Tanah Menengah","WILAYAH":"-"},"geometry":{"type":"Polygon","coordinates":[[[98.67292124812292,3.733288552831304],[98.67080960015565,3.7263273823903913],[98.66738046992903,3.719911930969487],[98.66276563699458,3.7142887407688696],[98.65714244679397,3.709673907834427],[98.65072699537306,3.7062447776078025],[98.64376582493215,3.704133129640526],[98.63689902610159,3.703456808987133],[98.63690625283832,3.704105766300421],[98.62787084221225,3.7045627387845608],[98.62232590332174,3.7062447776078025],[98.61591045190083,3.709673907834427],[98.61028726170022,3.7142887407688696],[98.60567242876577,3.719911930969487],[98.60224329853915,3.7263273823903913],[98.60013165057188,3.733288552831304],[98.5994186343111,3.7405279284160495],[98.60013165057188,3.7477673040007953],[98.60224329853915,3.7547284744417078],[98.60567242876577,3.761143925862612],[98.61028726170022,3.7667671160632294],[98.61591045190083,3.771381948997672],[98.62232590332174,3.7748110792242966],[98.62928707376265,3.776922727191573],[98.6365264493474,3.777635743452344],[98.64376582493215,3.776922727191573],[98.65072699537306,3.7748110792242966],[98.65714244679397,3.771381948997672],[98.66276563699458,3.7667671160632294],[98.66738046992903,3.761143925862612],[98.67080960015565,3.7547284744417078],[98.67292124812292,3.7477673040007953],[98.6736342643837,3.7405279284160495],[98.67292124812292,3.733288552831304]]]}},{"type":"Feature","properties":{"level":"sangat_rendah","label":"Sangat rendah","KETERANGAN":"Zona Kerentanan Gerakan Tanah Sangat Rendah","WILAYAH":"-"},"geometry":{"type":"Polygon","coordinates":[[[99.48205654816553,3.363252600032029],[99.47940244764538,3.3545032031750175],[99.47509242227224,3.346439712850391],[99.4692921039041,3.339372004469268],[99.46222439552297,3.3335716861011186],[99.45416090519835,3.3292616607279744],[99.44541150834134,3.3266075602078353],[99.43631243936643,3.3257113801352536],[99.42721337039153,3.3266075602078353],[99.41846397353451,3.3292616607279744],[99.4104004832099,3.3335716861011186],[99.40333277482877,3.339372004469268],[99.39753245646062,3.346439712850391],[99.39322243108748,3.3545032031750175],[99.39056833056733,3.363252600032029],[99.38967215049476,3.3723516690069295],[99.39056833056733,3.38145073798183],[99.39322243108748,3.3902001348388415],[99.39753245646062,3.398263625163468],[99.40333277482877,3.405331333544591],[99.4104004832099,3.4111316519127404],[99.41846397353451,3.4154416772858847],[99.42721337039153,3.4180957778060237],[99.43631243936643,3.4189919578786054],[99.44334081428607,3.4182997233694503],[99.44894860051028,3.416791651106523],[99.45790030040523,3.4122335349318083],[99.46471613753164,3.407024884630598],[99.47041488424024,3.4006169984120023],[99.47478840652477,3.3932438887675493],[99.47549768451708,3.3912625613485106],[99.47781922974345,3.389204068752986],[99.48080389036508,3.3855801973369],[99.48205654816553,3.38145073798183],[99.4829527282381,3.3723516690069295],[99.48205654816553,3.363252600032029]]]}},{"type":"Feature","properties":{"level":"menengah","label":"Menengah","KETERANGAN":"Zona Kerentanan Gerakan Tanah Menengah","WILAYAH":"-"},"geometry":{"type":"Polygon","coordinates":[[[99.4793272178106,3.358625290631492],[99.4766879908727,3.3499249254040833],[99.47240211888649,3.3419066228880983],[99.46663430550885,3.334878521952511],[99.45960620457326,3.3291107085748717],[99.45158790205728,3.3248248365886557],[99.44288753682987,3.3221856096507483],[99.4338394590475,3.3212944517722787],[99.42479138126514,3.3221856096507483],[99.41609101603773,3.3248248365886557],[99.40807271352175,3.3291107085748717],[99.40104461258616,3.334878521952511],[99.39527679920852,3.3419066228880983],[99.3909909272223,3.3499249254040833],[99.3883517002844,3.358625290631492],[99.38746054240593,3.3676733684138567],[99.3883517002844,3.376721446196221],[99.3909909272223,3.38542181142363],[99.39527679920852,3.393440113939615],[99.40104461258616,3.400468214875202],[99.40807271352175,3.4062360282528417],[99.41609101603773,3.4105219002390577],[99.42479138126514,3.413161127176965],[99.4338394590475,3.4140522850554347],[99.44288753682987,3.413161127176965],[99.45158790205728,3.4105219002390577],[99.45960620457326,3.4062360282528417],[99.46663430550885,3.400468214875202],[99.47240211888649,3.393440113939615],[99.4766879908727,3.38542181142363],[99.4793272178106,3.376721446196221],[99.48021837568908,3.3676733684138567],[99.4793272178106,3.358625290631492]]]}},{"type":"Feature","properties":{"level":"tinggi","label":"Tinggi","KETERANGAN":"Zona Kerentanan Gerakan Tanah Tinggi","WILAYAH":"-"},"geometry":{"type":"Polygon","coordinates":[[[99.30770451025745,3.3069898443840313],[99.30616761580956,3.3019233823755796],[99.30367183465283,3.297254104246711],[99.30031307825746,3.2931614477373565],[99.2962204217481,3.2898026913419827],[99.29155114361923,3.287306910185251],[99.28648468161077,3.2857700157373646],[99.28121573701642,3.2852510699900552],[99.27594679242208,3.2857700157373646],[99.27088033041362,3.287306910185251],[99.26621105228475,3.2898026913419827],[99.26211839577539,3.2931614477373565],[99.25875963938002,3.297254104246711],[99.25626385822329,3.3019233823755796],[99.2547269637754,3.3069898443840313],[99.2542080180281,3.3122587889783857],[99.2547269637754,3.31752773357274],[99.25626385822329,3.3225941955811917],[99.25875963938002,3.3272634737100604],[99.26211839577539,3.331356130219415],[99.26621105228475,3.3347148866147887],[99.27088033041362,3.3372106677715205],[99.27594679242208,3.3387475622194067],[99.28121573701642,3.339266507966716],[99.28648468161077,3.3387475622194067],[99.29155114361923,3.3372106677715205],[99.2962204217481,3.3347148866147887],[99.30031307825746,3.331356130219415],[99.30367183465283,3.3272634737100604],[99.30616761580956,3.3225941955811917],[99.30770451025745,3.31752773357274],[99.30822345600475,3.3122587889783857],[99.30770451025745,3.3069898443840313]]]}},{"type":"Feature","properties":{"level":"rendah","label":"Rendah","KETERANGAN":"Zona Kerentanan Gerakan Tanah Rendah","WILAYAH":"-"},"geometry":{"type":"Polygon","coordinates":[[[101.2727664726188,1.2699949438487599],[101.27208324351167,1.267742639327068],[101.27097373964584,1.2656669035917278],[101.26948059863265,1.263847506002962],[101.2676612010439,1.262354364989777],[101.26558546530855,1.2612448611239466],[101.26333316078686,1.2605616320168176],[101.26099084227847,1.2603309337798176],[101.25864852377009,1.2605616320168176],[101.2563962192484,1.2612448611239466],[101.25432048351306,1.262354364989777],[101.2525010859243,1.263847506002962],[101.25100794491111,1.2656669035917278],[101.24989844104527,1.267742639327068],[101.24921521193815,1.2699949438487599],[101.24898451370115,1.2723372623571414],[101.24921521193815,1.274679580865523],[101.24989844104527,1.2769318853872147],[101.25100794491111,1.279007621122555],[101.2525010859243,1.2808270187113209],[101.25432048351306,1.2823201597245057],[101.2563962192484,1.2834296635903362],[101.25864852377009,1.2841128926974652],[101.26099084227847,1.2843435909344652],[101.26333316078686,1.2841128926974652],[101.26558546530855,1.2834296635903362],[101.2676612010439,1.2823201597245057],[101.26948059863265,1.2808270187113209],[101.27097373964584,1.279007621122555],[101.27208324351167,1.2769318853872147],[101.2727664726188,1.274679580865523],[101.2729971708558,1.2723372623571414],[101.2727664726188,1.2699949438487599]]]}},{"type":"Feature","properties":{"level":"menengah","label":"Menengah","KETERANGAN":"Zona Kerentanan Gerakan Tanah Menengah","WILAYAH":"-"},"geometry":{"type":"Polygon","coordinates":[[[101.34419439987066,1.3580487175124287],[101.34273705295762,1.3532444885829427],[101.34037044998796,1.3488168858437715],[101.33718553818662,1.3449360595851532],[101.33330471192801,1.3417511477838144],[101.32887710918884,1.3393845448141612],[101.32407288025935,1.3379271979011111],[101.31907664896306,1.3374351120692431],[101.31408041766677,1.3379271979011111],[101.30927618873729,1.3393845448141612],[101.30484858599812,1.3417511477838144],[101.3009677597395,1.3449360595851532],[101.29778284793817,1.3488168858437715],[101.29541624496851,1.3532444885829427],[101.29395889805546,1.3580487175124287],[101.2934668122236,1.3630449488087122],[101.29395889805546,1.3680411801049956],[101.29541624496851,1.3728454090344817],[101.29778284793817,1.377273011773653],[101.3009677597395,1.3811538380322712],[101.30484858599812,1.38433874983361],[101.30927618873729,1.3867053528032631],[101.31408041766677,1.3881626997163132],[101.31907664896306,1.3886547855481812],[101.32407288025935,1.3881626997163132],[101.32887710918884,1.3867053528032631],[101.33330471192801,1.38433874983361],[101.33718553818662,1.3811538380322712],[101.34037044998796,1.377273011773653],[101.34273705295762,1.3728454090344817],[101.34419439987066,1.3680411801049956],[101.34468648570252,1.3630449488087122],[101.34419439987066,1.3580487175124287]]]}},{"type":"Feature","properties":{"level":"menengah","label":"Menengah","KETERANGAN":"Zona Kerentanan Gerakan Tanah Menengah","WILAYAH":"-"},"geometry":{"type":"Polygon","coordinates":[[[101.47959192206605,1.6404640214968556],[101.4773785680476,1.6331675711380276],[101.4737842761559,1.6264431239750925],[101.46894717301264,1.6205490967414085],[101.46305314577896,1.6157119935981574],[101.45632869861602,1.612117701706456],[101.4490322482572,1.609904347688],[101.44144419319787,1.6091569894964552],[101.43385613813854,1.609904347688],[101.42655968777972,1.612117701706456],[101.41983524061678,1.6157119935981574],[101.4139412133831,1.6205490967414085],[101.40910411023984,1.6264431239750925],[101.40550981834814,1.6331675711380276],[101.40329646432969,1.6404640214968556],[101.40265632812434,1.6491407196512788],[101.40455463179899,1.6537534490897496],[101.40769690799203,1.658471113294648],[101.40952307745515,1.6645147493822232],[101.41355820580668,1.6723374321144697],[101.41904257726004,1.6792228976393184],[101.42144060242758,1.6812502432793093],[101.42655968777972,1.6839864514059104],[101.43385613813854,1.6861998054243665],[101.44144419319787,1.6869471636159112],[101.4490322482572,1.6861998054243665],[101.45632869861602,1.6839864514059104],[101.46305314577896,1.680392159514209],[101.46894717301264,1.675555056370958],[101.4737842761559,1.669661029137274],[101.4773785680476,1.662936581974339],[101.47959192206605,1.655640131615511],[101.4803392802576,1.6480520765561832],[101.47959192206605,1.6404640214968556]]]}},{"type":"Feature","properties":{"level":"sangat_rendah","label":"Sangat rendah","KETERANGAN":"Zona Kerentanan Gerakan Tanah Sangat Rendah","WILAYAH":"-"},"geometry":{"type":"Polygon","coordinates":[[[101.46746228951865,1.6378905464268518],[101.46635369480053,1.6342359994084366],[101.46455343466441,1.6308679495867777],[101.46213069209774,1.627915829227697],[101.45917857173866,1.6254930866610262],[101.455810521917,1.6236928265249122],[101.45215597489859,1.622584231806789],[101.44835537287584,1.6222099051799665],[101.44455477085309,1.622584231806789],[101.44090022383467,1.6236928265249122],[101.43753217401301,1.6254930866610262],[101.43458005365393,1.627915829227697],[101.43215731108727,1.6308679495867777],[101.43035705095114,1.6342359994084366],[101.42924845623303,1.6378905464268518],[101.4288741296062,1.6416911484495988],[101.42924845623303,1.6454917504723459],[101.43035705095114,1.6491462974907611],[101.43215731108727,1.65251434731242],[101.43458005365393,1.6554664676715007],[101.43753217401301,1.6578892102381715],[101.44090022383467,1.6596894703742855],[101.44455477085309,1.6607980650924088],[101.44835537287584,1.6611723917192311],[101.45215597489859,1.6607980650924088],[101.455810521917,1.6596894703742855],[101.45917857173866,1.6578892102381715],[101.46213069209774,1.6554664676715007],[101.46455343466441,1.65251434731242],[101.46635369480053,1.6491462974907611],[101.46746228951865,1.6454917504723459],[101.46783661614548,1.6416911484495988],[101.46746228951865,1.6378905464268518]]]}},{"type":"Feature","properties":{"level":"rendah","label":"Rendah","KETERANGAN":"Zona Kerentanan Gerakan Tanah Rendah","WILAYAH":"-"},"geometry":{"type":"Polygon","coordinates":[[[101.49423688150907,1.6634951637542068],[101.49364328574609,1.6615383407689395],[101.49267933853291,1.6597349223771833],[101.49138208382037,1.6581542129363647],[101.48980137437955,1.6568569582238222],[101.4879979559878,1.65589301101065],[101.48604113300253,1.6552994152476626],[101.48400610503367,1.655098982487139],[101.48197107706481,1.6552994152476626],[101.48001425407955,1.65589301101065],[101.47821083568779,1.6568569582238222],[101.47663012624697,1.6581542129363647],[101.47533287153443,1.6597349223771833],[101.47436892432125,1.6615383407689395],[101.47377532855828,1.6634951637542068],[101.47357489579775,1.6655301917230603],[101.47377532855828,1.6675652196919137],[101.47436892432125,1.669522042677181],[101.47533287153443,1.6713254610689372],[101.47663012624697,1.6729061705097559],[101.47821083568779,1.6742034252222984],[101.48001425407955,1.6751673724354705],[101.48197107706481,1.675760968198458],[101.48400610503367,1.6759614009589816],[101.48604113300253,1.675760968198458],[101.4879979559878,1.6751673724354705],[101.48980137437955,1.6742034252222984],[101.49138208382037,1.6729061705097559],[101.49267933853291,1.6713254610689372],[101.49364328574609,1.669522042677181],[101.49423688150907,1.6675652196919137],[101.49443731426959,1.6655301917230603],[101.49423688150907,1.6634951637542068]]]}},{"type":"Feature","properties":{"level":"sangat_rendah","label":"Sangat rendah","KETERANGAN":"Zona Kerentanan Gerakan Tanah Sangat Rendah","WILAYAH":"-"},"geometry":{"type":"Polygon","coordinates":[[[101.48121974973567,1.667001370384619],[101.48059579580227,1.6649444699234612],[101.4795825495954,1.663048819601694],[101.4782189495986,1.6613872681980895],[101.476557398195,1.66002366820128],[101.47466174787323,1.6590104219944266],[101.47260484741207,1.658386468061024],[101.47046574234272,1.6581757846008154],[101.46832663727338,1.658386468061024],[101.46626973681222,1.6590104219944266],[101.46437408649045,1.66002366820128],[101.46271253508685,1.6613872681980895],[101.46134893509004,1.663048819601694],[101.46033568888318,1.6649444699234612],[101.45971173494978,1.667001370384619],[101.45950105148957,1.6691404754539676],[101.45971173494978,1.6712795805233163],[101.46033568888318,1.673336480984474],[101.46134893509004,1.6752321313062413],[101.46271253508685,1.6768936827098457],[101.46437408649045,1.6782572827066553],[101.46626973681222,1.6792705289135086],[101.46832663727338,1.6798944828469111],[101.47046574234272,1.6801051663071198],[101.47260484741207,1.6798944828469111],[101.47466174787323,1.6792705289135086],[101.476557398195,1.6782572827066553],[101.4782189495986,1.6768936827098457],[101.4795825495954,1.6752321313062413],[101.48059579580227,1.673336480984474],[101.48121974973567,1.6712795805233163],[101.48143043319588,1.6691404754539676],[101.48121974973567,1.667001370384619]]]}},{"type":"Feature","properties":{"level":"tinggi","label":"Tinggi","KETERANGAN":"Zona Kerentanan Gerakan Tanah Tinggi","WILAYAH":"-"},"geometry":{"type":"Polygon","coordinates":[[[101.52289374598453,1.6684857701946136],[101.52053175159234,1.6606993181916012],[101.51669608083148,1.6535232829270514],[101.51153413637817,1.6472334354118139],[101.50524428886294,1.642071490958512],[101.49806825359839,1.6382358201976346],[101.49028180159537,1.635873825805453],[101.48218416183768,1.635076277901837],[101.47408652207999,1.635873825805453],[101.46630007007697,1.6382358201976346],[101.45912403481242,1.642071490958512],[101.45283418729719,1.6472334354118139],[101.44767224284388,1.6535232829270514],[101.44383657208301,1.6606993181916012],[101.44147457769083,1.6684857701946136],[101.44067702978721,1.6765834099523054],[101.44147457769083,1.684681049709997],[101.44383657208301,1.6924675017130095],[101.44767224284388,1.6996435369775593],[101.45283418729719,1.7059333844927969],[101.45912403481242,1.7110953289460988],[101.46630007007697,1.7149309997069762],[101.47408652207999,1.7172929940991577],[101.47961999206113,1.7174531564040274],[101.48283263090252,1.7169134461743352],[101.48821272706502,1.7155321836813726],[101.49125851881362,1.7143586267905095],[101.50563841906279,1.7070506362093998],[101.51266868526169,1.7015612738823775],[101.51847491645,1.6947913540980408],[101.52142914200563,1.689509201979482],[101.52289374598453,1.684681049709997],[101.52369129388815,1.6765834099523054],[101.52289374598453,1.6684857701946136]]]}},{"type":"Feature","properties":{"level":"rendah","label":"Rendah","KETERANGAN":"Zona Kerentanan Gerakan Tanah Rendah","WILAYAH":"-"},"geometry":{"type":"Polygon","coordinates":[[[101.48333235670476,1.6257400867926632],[101.48109836521911,1.618375603821914],[101.47747055989919,1.6115884574447412],[101.47258835526894,1.6056394738901447],[101.46663937171434,1.6007572692598988],[101.45985222533717,1.597129463939972],[101.45248774236642,1.5948954724543125],[101.44482893575261,1.5941411458428771],[101.4371701291388,1.5948954724543125],[101.42980564616805,1.597129463939972],[101.42301849979089,1.6007572692598988],[101.41706951623628,1.6056394738901447],[101.41218731160603,1.6115884574447412],[101.40855950628611,1.618375603821914],[101.40632551480046,1.6257400867926632],[101.40557118818901,1.633398893406473],[101.40632551480046,1.6410577000202826],[101.40855950628611,1.648422182991032],[101.41218731160603,1.6552093293682044],[101.41706951623628,1.6611583129228011],[101.42301849979089,1.666040517553047],[101.42980564616805,1.6696683228729738],[101.4371701291388,1.6719023143586333],[101.44482893575261,1.6726566409700687],[101.45248774236642,1.6719023143586333],[101.45985222533717,1.6696683228729738],[101.46663937171434,1.666040517553047],[101.47258835526894,1.6611583129228011],[101.47747055989919,1.6552093293682046],[101.48109836521911,1.648422182991032],[101.48333235670476,1.6410577000202826],[101.4840866833162,1.633398893406473],[101.48333235670476,1.6257400867926632]]]}},{"type":"Feature","properties":{"level":"sangat_rendah","label":"Sangat rendah","KETERANGAN":"Zona Kerentanan Gerakan Tanah Sangat Rendah","WILAYAH":"-"},"geometry":{"type":"Polygon","coordinates":[[[101.46974122634354,1.6484915323285976],[101.46913705692816,1.6464998526827312],[101.46815593903521,1.6446643102085858],[101.46683557647512,1.643055443774059],[101.4652267100406,1.6417350812139666],[101.46339116756646,1.6407539633210253],[101.46139948792059,1.6401497939056435],[101.45932821023484,1.6399457908596322],[101.4572569325491,1.6401497939056435],[101.45526525290323,1.6407539633210253],[101.45342971042909,1.6417350812139666],[101.45182084399457,1.643055443774059],[101.45050048143447,1.6446643102085858],[101.44951936354153,1.6464998526827312],[101.44891519412614,1.6484915323285976],[101.44871119108014,1.6505628100143412],[101.44891519412614,1.652634087700085],[101.44951936354153,1.6546257673459512],[101.45050048143447,1.6564613098200967],[101.45182084399457,1.6580701762546235],[101.45342971042909,1.6593905388147159],[101.45526525290323,1.6603716567076572],[101.4572569325491,1.660975826123039],[101.45932821023484,1.6611798291690503],[101.46139948792059,1.660975826123039],[101.46339116756646,1.6603716567076572],[101.4652267100406,1.6593905388147159],[101.46683557647512,1.6580701762546235],[101.46815593903521,1.6564613098200967],[101.46913705692816,1.6546257673459512],[101.46974122634354,1.652634087700085],[101.46994522938955,1.6505628100143412],[101.46974122634354,1.6484915323285976]]]}},{"type":"Feature","properties":{"level":"sangat_rendah","label":"Sangat rendah","KETERANGAN":"Zona Kerentanan Gerakan Tanah Sangat Rendah","WILAYAH":"-"},"geometry":{"type":"Polygon","coordinates":[[[104.05183034749702,-2.4932221267090857],[104.04980225955175,-2.499907836673511],[104.0465088234378,-2.5060694222653446],[104.04207660405805,-2.51147009720575],[104.03667592911765,-2.5159023165855006],[104.03051434352581,-2.5191957526994497],[104.0238286335614,-2.5212238406447187],[104.01687572730891,-2.5219086421389356],[104.00992282105643,-2.5212238406447187],[104.00323711109202,-2.5191957526994497],[103.99707552550018,-2.5159023165855006],[103.99167485055978,-2.51147009720575],[103.98724263118002,-2.5060694222653446],[103.98394919506607,-2.499907836673511],[103.98192110712081,-2.4932221267090857],[103.9812363056266,-2.486269220456613],[103.98192110712081,-2.4793163142041403],[103.98394919506607,-2.4726306042397153],[103.98724263118002,-2.4664690186478815],[103.99167485055978,-2.461068343707476],[103.99707552550018,-2.4566361243277255],[104.00323711109202,-2.4533426882137763],[104.00992282105643,-2.4513146002685073],[104.01687572730891,-2.4506297987742904],[104.0238286335614,-2.4513146002685073],[104.03051434352581,-2.4533426882137763],[104.03667592911765,-2.4566361243277255],[104.04207660405805,-2.461068343707476],[104.0465088234378,-2.4664690186478815],[104.04980225955175,-2.4726306042397153],[104.05183034749702,-2.4793163142041403],[104.05251514899123,-2.486269220456613],[104.05183034749702,-2.4932221267090857]]]}},{"type":"Feature","properties":{"level":"menengah","label":"Menengah","KETERANGAN":"Zona Kerentanan Gerakan Tanah Menengah","WILAYAH":"-"},"geometry":{"type":"Polygon","coordinates":[[[103.9351013056113,-2.3172409089898807],[103.93390219680371,-2.321193840972908],[103.93195494976217,-2.3248368839528935],[103.92933439609843,-2.3280300378311587],[103.92614124222015,-2.3306505914949036],[103.92249819924017,-2.332597838536453],[103.91854526725714,-2.33379694734403],[103.91443435523036,-2.334201836838626],[103.91032344320357,-2.33379694734403],[103.90637051122054,-2.332597838536453],[103.90272746824056,-2.3306505914949036],[103.89953431436228,-2.3280300378311587],[103.89691376069854,-2.3248368839528935],[103.894966513657,-2.321193840972908],[103.89376740484941,-2.3172409089898807],[103.89336251535482,-2.31312999696309],[103.89376740484941,-2.309019084936299],[103.894966513657,-2.305066152953272],[103.89691376069854,-2.3014231099732863],[103.89953431436228,-2.298229956095021],[103.90272746824056,-2.295609402431276],[103.90637051122054,-2.2936621553897267],[103.91032344320357,-2.29246304658215],[103.91443435523036,-2.2920581570875536],[103.91854526725714,-2.29246304658215],[103.92249819924017,-2.2936621553897267],[103.92614124222015,-2.295609402431276],[103.92933439609843,-2.298229956095021],[103.93195494976217,-2.3014231099732863],[103.93390219680371,-2.305066152953272],[103.9351013056113,-2.309019084936299],[103.93550619510589,-2.31312999696309],[103.9351013056113,-2.3172409089898807]]]}},{"type":"Feature","properties":{"level":"tinggi","label":"Tinggi","KETERANGAN":"Zona Kerentanan Gerakan Tanah Tinggi","WILAYAH":"-"},"geometry":{"type":"Polygon","coordinates":[[[103.72618193006105,-1.9806497400170073],[103.72363344407337,-1.989050972420053],[103.71949492739449,-1.9967935925462166],[103.7139254208995,-2.003580055846162],[103.70713895759955,-2.0091495623411637],[103.69939633747339,-2.013288079020035],[103.69099510507034,-2.0158365650077137],[103.6822581150402,-2.0166970834169],[103.67352112501005,-2.0158365650077137],[103.66511989260701,-2.013288079020035],[103.65737727248084,-2.009149562341164],[103.6505908091809,-2.003580055846162],[103.6450213026859,-1.9967935925462166],[103.64088278600703,-1.989050972420053],[103.63833430001935,-1.9806497400170073],[103.63747378161017,-1.971912749986864],[103.63833430001935,-1.9631757599567208],[103.64088278600703,-1.9547745275536752],[103.6450213026859,-1.9470319074275115],[103.6505908091809,-1.9402454441275663],[103.65737727248084,-1.9346759376325642],[103.66511989260701,-1.930537420953693],[103.67352112501005,-1.9279889349660144],[103.6822581150402,-1.927128416556828],[103.69099510507034,-1.9279889349660144],[103.69939633747339,-1.930537420953693],[103.70713895759955,-1.9346759376325642],[103.7139254208995,-1.9402454441275663],[103.71949492739449,-1.9470319074275115],[103.72363344407337,-1.9547745275536752],[103.72618193006105,-1.9631757599567208],[103.72704244847023,-1.971912749986864],[103.72618193006105,-1.9806497400170073]]]}},{"type":"Feature","properties":{"level":"menengah","label":"Menengah","KETERANGAN":"Zona Kerentanan Gerakan Tanah Menengah","WILAYAH":"-"},"geometry":{"type":"Polygon","coordinates":[[[103.68772019294668,-2.117218691505127],[103.6870379912192,-2.119467609210026],[103.68593015572738,-2.121540223637134],[103.68443925996789,-2.1233568853763525],[103.68262259822866,-2.1248477811358386],[103.68054998380155,-2.1259556166276603],[103.67830106609667,-2.1266378183551473],[103.67596226976016,-2.1268681696884957],[103.67362347342366,-2.1266378183551473],[103.67137455571877,-2.1259556166276603],[103.66930194129166,-2.1248477811358386],[103.66748527955244,-2.1233568853763525],[103.66599438379295,-2.121540223637134],[103.66488654830113,-2.119467609210026],[103.66420434657364,-2.117218691505127],[103.6639739952403,-2.1148798951686287],[103.66420434657364,-2.1125410988321303],[103.66488654830113,-2.1102921811272313],[103.66599438379295,-2.1082195667001233],[103.66748527955244,-2.106402904960905],[103.66930194129166,-2.104912009201419],[103.67137455571877,-2.103804173709597],[103.67362347342366,-2.10312197198211],[103.67596226976016,-2.102891620648762],[103.67830106609667,-2.10312197198211],[103.68054998380155,-2.103804173709597],[103.68262259822866,-2.104912009201419],[103.68443925996789,-2.106402904960905],[103.68593015572738,-2.1082195667001233],[103.6870379912192,-2.1102921811272313],[103.68772019294668,-2.1125410988321303],[103.68795054428003,-2.1148798951686287],[103.68772019294668,-2.117218691505127]]]}},{"type":"Feature","properties":{"level":"menengah","label":"Menengah","KETERANGAN":"Zona Kerentanan Gerakan Tanah Menengah","WILAYAH":"-"},"geometry":{"type":"Polygon","coordinates":[[[103.78113600792638,-2.207703102948444],[103.78009929170949,-2.211120698303543],[103.77841575592568,-2.2142703722216086],[103.77615009791094,-2.217031084500326],[103.77338938563223,-2.21929674251505],[103.77023971171417,-2.2209802782988692],[103.76682211635907,-2.2220169945157506],[103.76326793583982,-2.222367050742876],[103.75971375532058,-2.2220169945157506],[103.75629615996547,-2.2209802782988692],[103.75314648604741,-2.21929674251505],[103.7503857737687,-2.217031084500326],[103.74812011575396,-2.2142703722216086],[103.74643657997015,-2.211120698303543],[103.74539986375326,-2.207703102948444],[103.74504980752614,-2.204148922429197],[103.74539986375326,-2.20059474190995],[103.74643657997015,-2.197177146554851],[103.74812011575396,-2.1940274726367854],[103.7503857737687,-2.191266760358068],[103.75314648604741,-2.189001102343344],[103.75629615996547,-2.187317566559525],[103.75971375532058,-2.1862808503426434],[103.76326793583982,-2.185930794115518],[103.76682211635907,-2.1862808503426434],[103.77023971171417,-2.187317566559525],[103.77338938563223,-2.189001102343344],[103.77615009791094,-2.191266760358068],[103.77841575592568,-2.1940274726367854],[103.78009929170949,-2.197177146554851],[103.78113600792638,-2.20059474190995],[103.7814860641535,-2.204148922429197],[103.78113600792638,-2.207703102948444]]]}},{"type":"Feature","properties":{"level":"sangat_rendah","label":"Sangat rendah","KETERANGAN":"Zona Kerentanan Gerakan Tanah Sangat Rendah","WILAYAH":"-"},"geometry":{"type":"Polygon","coordinates":[[[104.41315955955528,-3.308420909374627],[104.41181731045705,-3.3128457116578143],[104.4096376161966,-3.316923632797061],[104.40670424120195,-3.32049796056991],[104.4031299134291,-3.3234313355645573],[104.39905199228986,-3.3256110298250134],[104.39462719000667,-3.3269532789232366],[104.39002554924983,-3.327406500979124],[104.38542390849298,-3.3269532789232366],[104.3809991062098,-3.3256110298250134],[104.37692118507056,-3.3234313355645573],[104.3733468572977,-3.32049796056991],[104.37041348230305,-3.316923632797061],[104.3682337880426,-3.3128457116578143],[104.36689153894437,-3.308420909374627],[104.36643831688849,-3.303819268617784],[104.36689153894437,-3.2992176278609406],[104.3682337880426,-3.2947928255777534],[104.37041348230305,-3.2907149044385067],[104.3733468572977,-3.287140576665658],[104.37692118507056,-3.2842072016710104],[104.3809991062098,-3.2820275074105543],[104.38542390849298,-3.280685258312331],[104.39002554924983,-3.280232036256444],[104.39462719000667,-3.280685258312331],[104.39905199228986,-3.2820275074105543],[104.4031299134291,-3.2842072016710104],[104.40670424120195,-3.287140576665658],[104.4096376161966,-3.2907149044385067],[104.41181731045705,-3.2947928255777534],[104.41315955955528,-3.2992176278609406],[104.41361278161116,-3.303819268617784],[104.41315955955528,-3.308420909374627]]]}},{"type":"Feature","properties":{"level":"rendah","label":"Rendah","KETERANGAN":"Zona Kerentanan Gerakan Tanah Rendah","WILAYAH":"-"},"geometry":{"type":"Polygon","coordinates":[[[104.39582027323954,-3.3484780561481124],[104.39344764693327,-3.356299556874802],[104.39076637694299,-3.36131586020308],[104.37883669373485,-3.368870500739501],[104.37363677468245,-3.3729650084415286],[104.36959318787865,-3.3753478583054357],[104.36287514537891,-3.381255152598004],[104.35492744530396,-3.382037932731848],[104.34679335609044,-3.3812367948701767],[104.33897185536375,-3.3788641685639034],[104.33176351901047,-3.3750112325113935],[104.32544535935416,-3.3698260528843935],[104.32026017972716,-3.3635078932280873],[104.31640724367465,-3.356299556874802],[104.31403461736838,-3.3484780561481124],[104.3132334795067,-3.3403439669345976],[104.31403461736838,-3.3322098777210827],[104.31640724367465,-3.324388376994393],[104.32026017972716,-3.317180040641108],[104.32544535935416,-3.3108618809848016],[104.33176351901047,-3.3056767013578017],[104.33897185536375,-3.3018237653052918],[104.34679335609044,-3.2994511389990184],[104.35492744530396,-3.298650001137347],[104.36306153451747,-3.2994511389990184],[104.37088303524416,-3.3018237653052918],[104.37809137159745,-3.3056767013578017],[104.38440953125375,-3.3108618809848016],[104.38959471088076,-3.317180040641108],[104.39344764693327,-3.324388376994393],[104.39582027323954,-3.3322098777210822],[104.39662141110121,-3.3403439669345976],[104.39582027323954,-3.3484780561481124]]]}},{"type":"Feature","properties":{"level":"sangat_rendah","label":"Sangat rendah","KETERANGAN":"Zona Kerentanan Gerakan Tanah Sangat Rendah","WILAYAH":"-"},"geometry":{"type":"Polygon","coordinates":[[[104.38049664519842,-3.345446510271577],[104.37914975748046,-3.3498866040347126],[104.37696253051031,-3.353978617882591],[104.3740190181938,-3.3575652980178665],[104.37043233805852,-3.3605088103343737],[104.36634032421065,-3.36269603730453],[104.36190023044752,-3.3640429250224826],[104.3572826870824,-3.3644977133485745],[104.35266514371729,-3.3640429250224826],[104.34822504995415,-3.36269603730453],[104.34413303610629,-3.3605088103343737],[104.340546355971,-3.3575652980178665],[104.3376028436545,-3.353978617882591],[104.33541561668434,-3.3498866040347126],[104.33406872896639,-3.345446510271577],[104.33361394064029,-3.3408289669064684],[104.33406872896639,-3.33621142354136],[104.33541561668434,-3.331771329778224],[104.3376028436545,-3.3276793159303457],[104.340546355971,-3.32409263579507],[104.34413303610629,-3.321149123478563],[104.34822504995415,-3.318961896508407],[104.35266514371729,-3.317615008790454],[104.3572826870824,-3.317160220464362],[104.36190023044752,-3.317615008790454],[104.36634032421065,-3.318961896508407],[104.37043233805852,-3.321149123478563],[104.3740190181938,-3.32409263579507],[104.37696253051031,-3.3276793159303457],[104.37914975748046,-3.331771329778224],[104.38049664519842,-3.33621142354136],[104.38095143352452,-3.3408289669064684],[104.38049664519842,-3.345446510271577]]]}},{"type":"Feature","properties":{"level":"menengah","label":"Menengah","KETERANGAN":"Zona Kerentanan Gerakan Tanah Menengah","WILAYAH":"-"},"geometry":{"type":"Polygon","coordinates":[[[104.13661795393443,-2.605388188388216],[104.13526701853563,-2.6098416255669],[104.13307321848843,-2.6139459367769766],[104.13012086029836,-2.617543395640368],[104.12652340143498,-2.6204957538304314],[104.1224190902249,-2.6226895538776254],[104.11796565304621,-2.6240404892764326],[104.11333423299219,-2.6244966443370905],[104.10870281293816,-2.6240404892764326],[104.10424937575948,-2.6226895538776254],[104.1001450645494,-2.6204957538304314],[104.09654760568601,-2.617543395640368],[104.09359524749594,-2.6139459367769766],[104.09140144744875,-2.6098416255669],[104.09005051204994,-2.6053881883882166],[104.08959435698928,-2.600756768334187],[104.09005051204994,-2.596125348280158],[104.09140144744875,-2.591671911101474],[104.09359524749594,-2.5875675998913974],[104.09654760568601,-2.583970141028006],[104.1001450645494,-2.5810177828379426],[104.10424937575948,-2.5788239827907486],[104.10870281293816,-2.5774730473919414],[104.11333423299219,-2.5770168923312835],[104.11796565304621,-2.5774730473919414],[104.1224190902249,-2.5788239827907486],[104.12652340143498,-2.5810177828379426],[104.13012086029836,-2.583970141028006],[104.13307321848843,-2.5875675998913974],[104.13526701853563,-2.591671911101474],[104.13661795393443,-2.5961253482801574],[104.1370741089951,-2.600756768334187],[104.13661795393443,-2.605388188388216]]]}},{"type":"Feature","properties":{"level":"sangat_rendah","label":"Sangat rendah","KETERANGAN":"Zona Kerentanan Gerakan Tanah Sangat Rendah","WILAYAH":"-"},"geometry":{"type":"Polygon","coordinates":[[[104.11701603355291,-2.5897656373476323],[104.11612880863082,-2.5926904259477666],[104.11468803353698,-2.5953859265593153],[104.11274907645027,-2.597748552605431],[104.11038645040416,-2.5996875096921377],[104.10769094979261,-2.6011282847859727],[104.10476616119247,-2.602015509708076],[104.10172448258942,-2.6023150889022526],[104.09868280398636,-2.602015509708076],[104.09575801538622,-2.6011282847859727],[104.09306251477467,-2.5996875096921377],[104.09069988872857,-2.597748552605431],[104.08876093164186,-2.5953859265593153],[104.08732015654802,-2.5926904259477666],[104.08643293162592,-2.5897656373476323],[104.08613335243174,-2.586723958744576],[104.08643293162592,-2.5836822801415193],[104.08732015654802,-2.580757491541385],[104.08876093164186,-2.5780619909298363],[104.09069988872857,-2.5756993648837208],[104.09306251477467,-2.573760407797014],[104.09575801538622,-2.572319632703179],[104.09868280398636,-2.5714324077810757],[104.10172448258942,-2.571132828586899],[104.10476616119247,-2.5714324077810757],[104.10769094979261,-2.572319632703179],[104.11038645040416,-2.573760407797014],[104.11274907645027,-2.5756993648837208],[104.11468803353698,-2.5780619909298363],[104.11612880863082,-2.580757491541385],[104.11701603355291,-2.5836822801415193],[104.11731561274709,-2.586723958744576],[104.11701603355291,-2.5897656373476323]]]}},{"type":"Feature","properties":{"level":"menengah","label":"Menengah","KETERANGAN":"Zona Kerentanan Gerakan Tanah Menengah","WILAYAH":"-"},"geometry":{"type":"Polygon","coordinates":[[[104.37296653952123,-2.849236514034498],[104.37165681820316,-2.853554086596959],[104.36952994619145,-2.857533184259602],[104.36666765798472,-2.8610208925307563],[104.36317994971357,-2.8638831807374903],[104.35920085205092,-2.866010052749209],[104.35488327948846,-2.8673197740672656],[104.35039315391843,-2.8677620128359074],[104.3459030283484,-2.8673197740672656],[104.34158545578595,-2.866010052749209],[104.3376063581233,-2.8638831807374903],[104.33411864985214,-2.8610208925307563],[104.33125636164542,-2.857533184259602],[104.3291294896337,-2.853554086596959],[104.32781976831563,-2.849236514034498],[104.327377529547,-2.8447463884644724],[104.32781976831563,-2.8402562628944468],[104.3291294896337,-2.835938690331986],[104.33125636164542,-2.831959592669343],[104.33411864985214,-2.8284718843981884],[104.3376063581233,-2.8256095961914545],[104.34158545578595,-2.8234827241797356],[104.3459030283484,-2.822173002861679],[104.35039315391843,-2.8217307640930374],[104.35488327948846,-2.822173002861679],[104.35920085205092,-2.8234827241797356],[104.36317994971357,-2.8256095961914545],[104.36666765798472,-2.8284718843981884],[104.36952994619145,-2.831959592669343],[104.37165681820316,-2.835938690331986],[104.37296653952123,-2.8402562628944468],[104.37340877828987,-2.8447463884644724],[104.37296653952123,-2.849236514034498]]]}},{"type":"Feature","properties":{"level":"sangat_rendah","label":"Sangat rendah","KETERANGAN":"Zona Kerentanan Gerakan Tanah Sangat Rendah","WILAYAH":"-"},"geometry":{"type":"Polygon","coordinates":[[[104.13224243431168,-2.5945190193764556],[104.13140618797229,-2.597275754111255],[104.13004819760471,-2.599816375393487],[104.12822065001718,-2.602043248572072],[104.1259937768386,-2.603870796159602],[104.12345315555636,-2.6052287865271886],[104.12069642082156,-2.606065032866575],[104.11782951240406,-2.6063473986999113],[104.11496260398656,-2.606065032866575],[104.11220586925175,-2.6052287865271886],[104.10966524796952,-2.603870796159602],[104.10743837479093,-2.602043248572072],[104.1056108272034,-2.599816375393487],[104.10425283683583,-2.597275754111255],[104.10341659049644,-2.5945190193764556],[104.1031342246631,-2.591652110958952],[104.10341659049644,-2.5887852025414486],[104.10425283683583,-2.586028467806649],[104.1056108272034,-2.583487846524417],[104.10743837479093,-2.5812609733458323],[104.10966524796952,-2.5794334257583023],[104.11220586925175,-2.5780754353907156],[104.11496260398656,-2.5772391890513293],[104.11782951240406,-2.576956823217993],[104.12069642082156,-2.5772391890513293],[104.12345315555636,-2.5780754353907156],[104.1259937768386,-2.5794334257583023],[104.12822065001718,-2.5812609733458323],[104.13004819760471,-2.583487846524417],[104.13140618797229,-2.586028467806649],[104.13224243431168,-2.5887852025414486],[104.13252480014502,-2.591652110958952],[104.13224243431168,-2.5945190193764556]]]}},{"type":"Feature","properties":{"level":"menengah","label":"Menengah","KETERANGAN":"Zona Kerentanan Gerakan Tanah Menengah","WILAYAH":"-"},"geometry":{"type":"Polygon","coordinates":[[[104.21426940491041,-2.8071837339349983],[104.21294243924974,-2.8115581534766285],[104.21078756394516,-2.815589641615325],[104.20788758964613,-2.819123270522802],[104.20435396073866,-2.822023244821828],[104.20032247259996,-2.8241781201264144],[104.19594805305833,-2.8255050857870754],[104.19139880860355,-2.8259531472576414],[104.18684956414877,-2.8255050857870754],[104.18247514460714,-2.8241781201264144],[104.17844365646845,-2.822023244821828],[104.17491002756097,-2.819123270522802],[104.17201005326194,-2.815589641615325],[104.16985517795736,-2.8115581534766285],[104.16852821229669,-2.8071837339349983],[104.16808015082613,-2.8026344894802167],[104.16852821229669,-2.798085245025435],[104.16985517795736,-2.793710825483805],[104.17201005326194,-2.7896793373451083],[104.17491002756097,-2.786145708437631],[104.17844365646845,-2.7832457341386054],[104.18247514460714,-2.781090858834019],[104.18684956414877,-2.779763893173358],[104.19139880860355,-2.779315831702792],[104.19594805305833,-2.779763893173358],[104.20032247259996,-2.781090858834019],[104.20435396073866,-2.7832457341386054],[104.20788758964613,-2.786145708437631],[104.21078756394516,-2.7896793373451083],[104.21294243924974,-2.793710825483805],[104.21426940491041,-2.798085245025435],[104.21471746638097,-2.8026344894802167],[104.21426940491041,-2.8071837339349983]]]}},{"type":"Feature","properties":{"level":"sangat_rendah","label":"Sangat rendah","KETERANGAN":"Zona Kerentanan Gerakan Tanah Sangat Rendah","WILAYAH":"-"},"geometry":{"type":"Polygon","coordinates":[[[104.14154618663288,-2.6030023304445002],[104.14007975665683,-2.60783650221987],[104.13769840359325,-2.6122917004438517],[104.13449364150487,-2.6161967143472027],[104.13058862760153,-2.619401476435574],[104.12613342937755,-2.6217828294991605],[104.12129925760217,-2.623249259475207],[104.11627188678571,-2.6237444122821176],[104.11124451596925,-2.623249259475207],[104.10641034419388,-2.6217828294991605],[104.1019551459699,-2.619401476435574],[104.09805013206655,-2.6161967143472027],[104.09484536997817,-2.6122917004438517],[104.09246401691459,-2.60783650221987],[104.09099758693854,-2.6030023304445002],[104.09050243413164,-2.5979749596280364],[104.09099758693854,-2.5929475888115725],[104.09246401691459,-2.588113417036203],[104.09484536997817,-2.583658218812221],[104.09805013206655,-2.57975320490887],[104.1019551459699,-2.5765484428204988],[104.10641034419388,-2.574167089756912],[104.11124451596925,-2.5727006597808657],[104.11627188678571,-2.572205506973955],[104.12129925760217,-2.5727006597808657],[104.12613342937755,-2.574167089756912],[104.13058862760153,-2.5765484428204988],[104.13449364150487,-2.57975320490887],[104.13769840359325,-2.583658218812221],[104.14007975665683,-2.588113417036203],[104.14154618663288,-2.5929475888115725],[104.14204133943979,-2.5979749596280364],[104.14154618663288,-2.6030023304445002]]]}},{"type":"Feature","properties":{"level":"menengah","label":"Menengah","KETERANGAN":"Zona Kerentanan Gerakan Tanah Menengah","WILAYAH":"-"},"geometry":{"type":"Polygon","coordinates":[[[104.61901627342458,-3.1986601825306944],[104.61790681845739,-3.202317565410247],[104.61610516135258,-3.2056882287764985],[104.61368053878232,-3.2086426399265737],[104.61072612763225,-3.211067262496828],[104.60735546426599,-3.2128689196016307],[104.60369808138644,-3.2139783745688253],[104.59989453016657,-3.2143529916662117],[104.59609097894669,-3.2139783745688253],[104.59243359606714,-3.2128689196016307],[104.58906293270088,-3.211067262496828],[104.58610852155081,-3.2086426399265737],[104.58368389898055,-3.2056882287764985],[104.58188224187575,-3.202317565410247],[104.58077278690855,-3.1986601825306944],[104.58039816981118,-3.1948566313108184],[104.58077278690855,-3.1910530800909425],[104.58188224187575,-3.18739569721139],[104.58368389898055,-3.1840250338451384],[104.58610852155081,-3.181070622695063],[104.58906293270088,-3.1786460001248087],[104.59243359606714,-3.176844343020006],[104.59609097894669,-3.1757348880528116],[104.59989453016657,-3.175360270955425],[104.60369808138644,-3.1757348880528116],[104.60735546426599,-3.176844343020006],[104.61072612763225,-3.1786460001248087],[104.61368053878232,-3.181070622695063],[104.61610516135258,-3.1840250338451384],[104.61790681845739,-3.18739569721139],[104.61901627342458,-3.1910530800909425],[104.61939089052196,-3.1948566313108184],[104.61901627342458,-3.1986601825306944]]]}},{"type":"Feature","properties":{"level":"menengah","label":"Menengah","KETERANGAN":"Zona Kerentanan Gerakan Tanah Menengah","WILAYAH":"-"},"geometry":{"type":"Polygon","coordinates":[[[104.72142926622163,-3.108460034061036],[104.71990525786921,-3.113484016305679],[104.71743040259604,-3.1181141448600043],[104.71409980770235,-3.1221724864802747],[104.71004146608207,-3.125503081373968],[104.70541133752775,-3.1279779366471385],[104.70038735528311,-3.129501944999553],[104.69516258816833,-3.1300165396449025],[104.68993782105355,-3.129501944999553],[104.68491383880891,-3.1279779366471385],[104.68028371025459,-3.125503081373968],[104.6762253686343,-3.1221724864802747],[104.67289477374062,-3.1181141448600043],[104.67041991846745,-3.113484016305679],[104.66889591011503,-3.108460034061036],[104.66838131546969,-3.1032352669462555],[104.66889591011503,-3.098010499831475],[104.67041991846745,-3.092986517586832],[104.67289477374062,-3.0883563890325068],[104.6762253686343,-3.0842980474122363],[104.68028371025459,-3.080967452518543],[104.68491383880891,-3.0784925972453725],[104.68993782105355,-3.076968588892958],[104.69516258816833,-3.0764539942476086],[104.70038735528311,-3.076968588892958],[104.70541133752775,-3.0784925972453725],[104.71004146608207,-3.080967452518543],[104.71409980770235,-3.0842980474122363],[104.71743040259604,-3.0883563890325068],[104.71990525786921,-3.092986517586832],[104.72142926622163,-3.098010499831475],[104.72194386086697,-3.1032352669462555],[104.72142926622163,-3.108460034061036]]]}},{"type":"Feature","properties":{"level":"tinggi","label":"Tinggi","KETERANGAN":"Zona Kerentanan Gerakan Tanah Tinggi","WILAYAH":"-"},"geometry":{"type":"Polygon","coordinates":[[[104.84207145471149,-3.0107319601709253],[104.84044733659283,-3.016085960087275],[104.83780991188065,-3.02102023466975],[104.83426053532757,-3.025345162513318],[104.829935607484,-3.028894539066399],[104.82500133290154,-3.0315319637785705],[104.81964733298518,-3.0331560818972294],[104.81407935894919,-3.033704479473891],[104.80851138491319,-3.0331560818972294],[104.80315738499684,-3.0315319637785705],[104.79822311041437,-3.028894539066399],[104.7938981825708,-3.025345162513318],[104.79034880601772,-3.02102023466975],[104.78771138130554,-3.016085960087275],[104.78608726318689,-3.0107319601709253],[104.78553886561022,-3.0051639861349275],[104.78608726318689,-2.99959601209893],[104.78771138130554,-2.99424201218258],[104.79034880601772,-2.989307737600105],[104.7938981825708,-2.984982809756537],[104.79822311041437,-2.981433433203456],[104.80315738499684,-2.9787960084912846],[104.80851138491319,-2.9771718903726256],[104.81407935894919,-2.976623492795964],[104.81964733298518,-2.9771718903726256],[104.82500133290154,-2.9787960084912846],[104.829935607484,-2.981433433203456],[104.83426053532757,-2.984982809756537],[104.83780991188065,-2.989307737600105],[104.84044733659283,-2.99424201218258],[104.84207145471149,-2.99959601209893],[104.84261985228815,-3.0051639861349275],[104.84207145471149,-3.0107319601709253]]]}},{"type":"Feature","properties":{"level":"tinggi","label":"Tinggi","KETERANGAN":"Zona Kerentanan Gerakan Tanah Tinggi","WILAYAH":"-"},"geometry":{"type":"Polygon","coordinates":[[[104.65684971268094,-3.2231931210674363],[104.65542029370445,-3.227905283928356],[104.65309904324286,-3.232248038092792],[104.64997516564964,-3.2360544939536493],[104.64616870978878,-3.2391783715468803],[104.64182595562434,-3.241499622008468],[104.63711379276342,-3.242929040984946],[104.63221330698215,-3.2434116967066746],[104.62731282120089,-3.242929040984946],[104.62260065833996,-3.241499622008468],[104.61825790417552,-3.2391783715468803],[104.61445144831467,-3.2360544939536493],[104.61132757072144,-3.232248038092792],[104.60900632025985,-3.227905283928356],[104.60757690128337,-3.2231931210674363],[104.60709424556164,-3.2182926352861663],[104.60757690128337,-3.2133921495048963],[104.60900632025985,-3.2086799866439764],[104.61132757072144,-3.2043372324795407],[104.61445144831467,-3.2005307766186832],[104.61825790417552,-3.1974068990254523],[104.62260065833996,-3.1950856485638646],[104.62731282120089,-3.1936562295873867],[104.63221330698215,-3.193173573865658],[104.63711379276342,-3.1936562295873867],[104.64182595562434,-3.1950856485638646],[104.64616870978878,-3.1974068990254523],[104.64997516564964,-3.2005307766186832],[104.65309904324286,-3.2043372324795407],[104.65542029370445,-3.2086799866439764],[104.65684971268094,-3.2133921495048963],[104.65733236840266,-3.2182926352861663],[104.65684971268094,-3.2231931210674363]]]}},{"type":"Feature","properties":{"level":"rendah","label":"Rendah","KETERANGAN":"Zona Kerentanan Gerakan Tanah Rendah","WILAYAH":"-"},"geometry":{"type":"Polygon","coordinates":[[[104.80427928039877,-2.9598968777449284],[104.80274594840671,-2.9635986686358047],[104.79991272031867,-2.966431896723842],[104.7962109294278,-2.967965228715912],[104.7922041398404,-2.967965228715912],[104.78850234894952,-2.966431896723842],[104.78566912086148,-2.9635986686358047],[104.78413578886942,-2.9598968777449284],[104.78413578886942,-2.95589008815753],[104.78566912086148,-2.9521882972666535],[104.78850234894952,-2.9493550691786163],[104.7922041398404,-2.9478217371865463],[104.7962109294278,-2.9478217371865463],[104.79991272031867,-2.9493550691786163],[104.80274594840671,-2.9521882972666535],[104.80427928039877,-2.95589008815753],[104.80427928039877,-2.9598968777449284]]]}},{"type":"Feature","properties":{"level":"sangat_rendah","label":"Sangat rendah","KETERANGAN":"Zona Kerentanan Gerakan Tanah Sangat Rendah","WILAYAH":"-"},"geometry":{"type":"Polygon","coordinates":[[[104.91438201692799,-2.942532022070388],[104.90992658732615,-2.9508675445734074],[104.90393058778552,-2.958173691153097],[104.89662444120583,-2.9641696906937334],[104.88828891870281,-2.968625120295566],[104.87924434973165,-2.971368760297629],[104.86983831200563,-2.972295174153295],[104.8604322742796,-2.971368760297629],[104.85138770530844,-2.968625120295566],[104.84305218280542,-2.9641696906937334],[104.83574603622573,-2.958173691153097],[104.8297500366851,-2.9508675445734074],[104.82529460708326,-2.942532022070388],[104.8225509670812,-2.9334874530992154],[104.82162455322553,-2.9240814153731987],[104.8225509670812,-2.914675377647182],[104.82529460708326,-2.905630808676009],[104.8297500366851,-2.89729528617299],[104.83574603622573,-2.8899891395933004],[104.84305218280542,-2.883993140052664],[104.85138770530844,-2.8795377104508315],[104.8604322742796,-2.8767940704487684],[104.86665368489948,-2.8761813149859567],[104.87044851881365,-2.8774663218235492],[104.87378247982926,-2.8789928571163177],[104.87573239391976,-2.8802478359451023],[104.88286738776195,-2.8813021584082836],[104.89115881694941,-2.8842616410080253],[104.89871283066272,-2.888779773693835],[104.90523913239122,-2.8946829097974556],[104.91048692001948,-2.9017441754456184],[104.9142545240119,-2.909692191159886],[104.91639715746,-2.918221503697965],[104.91683248016191,-2.9270043268123556],[104.91627951581727,-2.9307368320267324],[104.91627963535767,-2.9341752017310467],[104.91438201692799,-2.942532022070388]]]}},{"type":"Feature","properties":{"level":"rendah","label":"Rendah","KETERANGAN":"Zona Kerentanan Gerakan Tanah Rendah","WILAYAH":"-"},"geometry":{"type":"Polygon","coordinates":[[[104.90364572364044,-2.930900987972895],[104.90171586305233,-2.9372628857367014],[104.89858193951092,-2.943126044295295],[104.89436438794037,-2.948265145753365],[104.8892252864823,-2.9524826973239198],[104.8833621279237,-2.955616620865333],[104.8770002301599,-2.957546481453433],[104.87038407735415,-2.9581981156280963],[104.8637679245484,-2.957546481453433],[104.85740602678459,-2.955616620865333],[104.85154286822599,-2.9524826973239198],[104.84640376676792,-2.948265145753365],[104.84218621519737,-2.943126044295295],[104.83905229165596,-2.9372628857367014],[104.83712243106785,-2.930900987972895],[104.8364707968932,-2.9242848351671444],[104.83712243106785,-2.917668682361394],[104.83905229165596,-2.9113067845975875],[104.84218621519737,-2.905443626038994],[104.84640376676792,-2.900304524580924],[104.85154286822599,-2.896086973010369],[104.85740602678459,-2.892953049468956],[104.8637679245484,-2.891023188880856],[104.87038407735415,-2.8903715547061926],[104.8770002301599,-2.891023188880856],[104.8833621279237,-2.892953049468956],[104.8892252864823,-2.896086973010369],[104.89436438794037,-2.900304524580924],[104.89858193951092,-2.905443626038994],[104.90171586305233,-2.9113067845975875],[104.90364572364044,-2.917668682361394],[104.9042973578151,-2.9242848351671444],[104.90364572364044,-2.930900987972895]]]}},{"type":"Feature","properties":{"level":"menengah","label":"Menengah","KETERANGAN":"Zona Kerentanan Gerakan Tanah Menengah","WILAYAH":"-"},"geometry":{"type":"Polygon","coordinates":[[[104.82499980416875,-2.978578876650306],[104.82354273107494,-2.983382202918755],[104.82117657276359,-2.98780897376075],[104.81799225937166,-2.9916890708553954],[104.81411216227701,-2.994873384247326],[104.80968539143502,-2.997239542558675],[104.80488206516657,-2.998696615652493],[104.79988677260643,-2.999188609026921],[104.79489148004629,-2.998696615652493],[104.79008815377783,-2.997239542558675],[104.78566138293584,-2.994873384247326],[104.78178128584119,-2.9916890708553954],[104.77859697244926,-2.98780897376075],[104.77623081413792,-2.983382202918755],[104.7747737410441,-2.978578876650306],[104.77428174766968,-2.9735835840901625],[104.7747737410441,-2.9685882915300192],[104.77623081413792,-2.96378496526157],[104.77859697244926,-2.959358194419575],[104.78178128584119,-2.9554780973249297],[104.78566138293584,-2.952293783932999],[104.79008815377783,-2.9499276256216502],[104.79489148004629,-2.9484705525278323],[104.79988677260643,-2.947978559153404],[104.80488206516657,-2.9484705525278323],[104.80968539143502,-2.9499276256216502],[104.81411216227701,-2.952293783932999],[104.81799225937166,-2.9554780973249297],[104.82117657276359,-2.959358194419575],[104.82354273107494,-2.96378496526157],[104.82499980416875,-2.9685882915300192],[104.82549179754318,-2.9735835840901625],[104.82499980416875,-2.978578876650306]]]}},{"type":"Feature","properties":{"level":"tinggi","label":"Tinggi","KETERANGAN":"Zona Kerentanan Gerakan Tanah Tinggi","WILAYAH":"-"},"geometry":{"type":"Polygon","coordinates":[[[104.89610664736807,-2.9300601474076218],[104.89479974179531,-2.934368437701811],[104.89267744230584,-2.9383389807770217],[104.88982130767884,-2.9418191908895794],[104.88634109756627,-2.944675325516583],[104.88237055449108,-2.9467976250060555],[104.87806226419688,-2.9481045305788154],[104.8735817918636,-2.948545818586623],[104.86910131953032,-2.9481045305788154],[104.86479302923613,-2.9467976250060555],[104.86082248616093,-2.944675325516583],[104.85734227604836,-2.9418191908895794],[104.85448614142136,-2.9383389807770217],[104.85236384193189,-2.934368437701811],[104.85105693635913,-2.9300601474076218],[104.85061564835132,-2.925579675074342],[104.85105693635913,-2.9210992027410625],[104.85236384193189,-2.9167909124468734],[104.85448614142136,-2.9128203693716626],[104.85734227604836,-2.909340159259105],[104.86082248616093,-2.906484024632101],[104.86479302923613,-2.904361725142629],[104.86910131953032,-2.903054819569869],[104.8735817918636,-2.902613531562061],[104.87806226419688,-2.903054819569869],[104.88237055449108,-2.904361725142629],[104.88634109756627,-2.906484024632101],[104.88982130767884,-2.909340159259105],[104.89267744230584,-2.9128203693716626],[104.89479974179531,-2.9167909124468734],[104.89610664736807,-2.9210992027410625],[104.89654793537588,-2.925579675074342],[104.89610664736807,-2.9300601474076218]]]}},{"type":"Feature","properties":{"level":"rendah","label":"Rendah","KETERANGAN":"Zona Kerentanan Gerakan Tanah Rendah","WILAYAH":"-"},"geometry":{"type":"Polygon","coordinates":[[[104.901766030466,-2.937697930544124],[104.89995539170575,-2.9436668066126632],[104.89701507390728,-2.949167754302445],[104.89305807183464,-2.9539893752787174],[104.88823645085837,-2.9579463773513583],[104.88273550316859,-2.9608866951498296],[104.87676662710004,-2.962697333910084],[104.87055920321268,-2.963308711799984],[104.86435177932532,-2.962697333910084],[104.85838290325677,-2.9608866951498296],[104.85288195556699,-2.9579463773513583],[104.84806033459071,-2.9539893752787174],[104.84410333251807,-2.949167754302445],[104.84116301471961,-2.9436668066126632],[104.83935237595935,-2.937697930544124],[104.83874099806945,-2.9314905066567567],[104.83935237595935,-2.9252830827693894],[104.84116301471961,-2.91931420670085],[104.84410333251807,-2.9138132590110684],[104.84806033459071,-2.908991638034796],[104.85288195556699,-2.905034635962155],[104.85838290325677,-2.902094318163684],[104.86435177932532,-2.9002836794034295],[104.87055920321268,-2.8996723015135295],[104.87676662710004,-2.9002836794034295],[104.88273550316859,-2.902094318163684],[104.88823645085837,-2.905034635962155],[104.89305807183464,-2.908991638034796],[104.89701507390728,-2.9138132590110684],[104.89995539170575,-2.91931420670085],[104.901766030466,-2.9252830827693894],[104.9023774083559,-2.9314905066567567],[104.901766030466,-2.937697930544124]]]}},{"type":"Feature","properties":{"level":"sangat_rendah","label":"Sangat rendah","KETERANGAN":"Zona Kerentanan Gerakan Tanah Sangat Rendah","WILAYAH":"-"},"geometry":{"type":"Polygon","coordinates":[[[104.87973452447537,-2.9510326572607237],[104.87879614137263,-2.9541260917811707],[104.87727228990136,-2.956977017363029],[104.875221530819,-2.959475874535006],[104.87272267364703,-2.9615266336173574],[104.86987174806517,-2.963050485088628],[104.86677831354473,-2.963988868191362],[104.86356124903949,-2.964305721389173],[104.86034418453426,-2.963988868191362],[104.85725075001382,-2.963050485088628],[104.85439982443195,-2.9615266336173574],[104.85190096725998,-2.959475874535006],[104.84985020817763,-2.956977017363029],[104.84832635670635,-2.9541260917811707],[104.84738797360362,-2.9510326572607237],[104.84707112040581,-2.9478155927554917],[104.84738797360362,-2.9445985282502596],[104.84832635670635,-2.9415050937298126],[104.84985020817763,-2.9386541681479543],[104.85190096725998,-2.9361553109759773],[104.85439982443195,-2.934104551893626],[104.85725075001382,-2.9325807004223554],[104.86034418453426,-2.9316423173196213],[104.86356124903949,-2.9313254641218105],[104.86677831354473,-2.9316423173196213],[104.86987174806517,-2.9325807004223554],[104.87272267364703,-2.934104551893626],[104.875221530819,-2.9361553109759773],[104.87727228990136,-2.9386541681479543],[104.87879614137263,-2.9415050937298126],[104.87973452447537,-2.9445985282502596],[104.88005137767317,-2.9478155927554917],[104.87973452447537,-2.9510326572607237]]]}},{"type":"Feature","properties":{"level":"menengah","label":"Menengah","KETERANGAN":"Zona Kerentanan Gerakan Tanah Menengah","WILAYAH":"-"},"geometry":{"type":"Polygon","coordinates":[[[104.91327840576844,-2.938689307412386],[104.91095225340678,-2.946357604075485],[104.90717478694515,-2.953424746755122],[104.90209117230128,-2.959619149121416],[104.89589676993498,-2.964702763765293],[104.88882962725535,-2.968480230226912],[104.88116133059225,-2.9708063825885804],[104.87318656828602,-2.9715918281195606],[104.86521180597978,-2.9708063825885804],[104.85754350931668,-2.968480230226912],[104.85047636663705,-2.964702763765293],[104.84428196427075,-2.959619149121416],[104.83919834962688,-2.953424746755122],[104.83542088316526,-2.946357604075485],[104.8330947308036,-2.938689307412386],[104.83230928527261,-2.9307145451061563],[104.8330947308036,-2.9227397827999266],[104.83542088316526,-2.9150714861368274],[104.83919834962688,-2.9080043434571907],[104.84428196427075,-2.9018099410908964],[104.85047636663705,-2.8967263264470193],[104.85754350931668,-2.8929488599854007],[104.86521180597978,-2.890622707623732],[104.87318656828602,-2.889837262092752],[104.88116133059225,-2.890622707623732],[104.88882962725535,-2.8929488599854003],[104.89589676993498,-2.8967263264470193],[104.90209117230128,-2.9018099410908964],[104.90717478694515,-2.9080043434571907],[104.91095225340678,-2.9150714861368274],[104.91327840576844,-2.9227397827999266],[104.91406385129942,-2.9307145451061563],[104.91327840576844,-2.938689307412386]]]}},{"type":"Feature","properties":{"level":"sangat_rendah","label":"Sangat rendah","KETERANGAN":"Zona Kerentanan Gerakan Tanah Sangat Rendah","WILAYAH":"-"},"geometry":{"type":"Polygon","coordinates":[[[107.04278980419824,-6.094595249183273],[107.04030438409326,-6.102788581232963],[107.03626828085073,-6.1103395992961325],[107.03083659965479,-6.116958121983272],[107.02421807696764,-6.122389803179225],[107.01666705890447,-6.126425906421754],[107.00847372685479,-6.128911326526722],[106.99995294597437,-6.129750550193332],[106.99143216509395,-6.128911326526722],[106.98323883304427,-6.126425906421754],[106.9756878149811,-6.122389803179225],[106.96906929229395,-6.116958121983272],[106.96363761109801,-6.1103395992961325],[106.95960150785548,-6.102788581232963],[106.9571160877505,-6.094595249183273],[106.95627686408389,-6.086074468302858],[106.9571160877505,-6.0775536874224425],[106.95960150785548,-6.069360355372752],[106.96363761109801,-6.061809337309583],[106.96906929229395,-6.055190814622444],[106.9756878149811,-6.04975913342649],[106.98323883304427,-6.045723030183962],[106.99143216509395,-6.043237610078994],[106.99995294597437,-6.042398386412383],[107.00847372685479,-6.043237610078994],[107.01666705890447,-6.045723030183962],[107.02421807696764,-6.04975913342649],[107.03083659965479,-6.055190814622444],[107.03626828085073,-6.061809337309583],[107.04030438409326,-6.069360355372752],[107.04278980419824,-6.0775536874224425],[107.04362902786485,-6.086074468302858],[107.04278980419824,-6.094595249183273]]]}},{"type":"Feature","properties":{"level":"menengah","label":"Menengah","KETERANGAN":"Zona Kerentanan Gerakan Tanah Menengah","WILAYAH":"-"},"geometry":{"type":"Polygon","coordinates":[[[106.96395367875874,-6.392101821960974],[106.96259763861278,-6.396572087235788],[106.96039554890602,-6.400691907308082],[106.95743203471096,-6.404302959802898],[106.95382098221614,-6.407266473997962],[106.94970116214385,-6.409468563704716],[106.94523089686903,-6.410824603850676],[106.94058197617926,-6.411282482573509],[106.93593305548949,-6.410824603850676],[106.93146279021467,-6.409468563704716],[106.92734297014238,-6.407266473997962],[106.92373191764756,-6.404302959802898],[106.9207684034525,-6.400691907308082],[106.91856631374574,-6.396572087235788],[106.91721027359978,-6.392101821960974],[106.91675239487695,-6.387452901271197],[106.91721027359978,-6.38280398058142],[106.91856631374574,-6.3783337153066055],[106.9207684034525,-6.374213895234312],[106.92373191764756,-6.370602842739496],[106.92734297014238,-6.367639328544432],[106.93146279021467,-6.365437238837678],[106.93593305548949,-6.364081198691718],[106.94058197617926,-6.363623319968885],[106.94523089686903,-6.364081198691718],[106.94970116214385,-6.365437238837678],[106.95382098221614,-6.367639328544432],[106.95743203471096,-6.370602842739496],[106.96039554890602,-6.374213895234312],[106.96259763861278,-6.3783337153066055],[106.96395367875874,-6.38280398058142],[106.96441155748157,-6.387452901271197],[106.96395367875874,-6.392101821960974]]]}},{"type":"Feature","properties":{"level":"tinggi","label":"Tinggi","KETERANGAN":"Zona Kerentanan Gerakan Tanah Tinggi","WILAYAH":"-"},"geometry":{"type":"Polygon","coordinates":[[[106.79475685852465,-6.370396722274506],[106.79254450951927,-6.377689859549207],[106.78895184968026,-6.384411253356323],[106.78411694291043,-6.390302604301247],[106.77822559196551,-6.395137511071075],[106.7715041981584,-6.398730170910089],[106.7642110608837,-6.400942519915462],[106.75662645131683,-6.401689538755619],[106.74904184174997,-6.400942519915462],[106.74174870447527,-6.398730170910089],[106.73502731066816,-6.395137511071075],[106.72913595972324,-6.390302604301247],[106.72430105295341,-6.384411253356323],[106.72070839311439,-6.377689859549207],[106.71849604410902,-6.370396722274506],[106.71774902526886,-6.36281211270765],[106.71849604410902,-6.355227503140794],[106.72070839311439,-6.347934365866093],[106.72430105295341,-6.341212972058978],[106.72913595972324,-6.335321621114053],[106.73502731066816,-6.330486714344225],[106.74174870447527,-6.326894054505211],[106.74904184174997,-6.324681705499838],[106.75662645131683,-6.3239346866596815],[106.7642110608837,-6.324681705499838],[106.7715041981584,-6.326894054505211],[106.77822559196551,-6.330486714344225],[106.78411694291043,-6.335321621114053],[106.78895184968026,-6.341212972058978],[106.79254450951927,-6.347934365866093],[106.79475685852465,-6.355227503140794],[106.79550387736481,-6.36281211270765],[106.79475685852465,-6.370396722274506]]]}},{"type":"Feature","properties":{"level":"sangat_rendah","label":"Sangat rendah","KETERANGAN":"Zona Kerentanan Gerakan Tanah Sangat Rendah","WILAYAH":"-"},"geometry":{"type":"Polygon","coordinates":[[[107.02896865603716,-6.093203848562458],[107.02769010324168,-6.0974186722759764],[107.02561384616413,-6.101303076057103],[107.02281967419965,-6.10470778444693],[107.01941496580982,-6.107501956411417],[107.01553056202869,-6.109578213488959],[107.01131573831518,-6.110856766284445],[107.00693246798087,-6.1112884807309635],[107.00254919764657,-6.110856766284445],[106.99833437393306,-6.109578213488959],[106.99444997015193,-6.107501956411417],[106.9910452617621,-6.10470778444693],[106.98825108979761,-6.101303076057103],[106.98617483272007,-6.0974186722759764],[106.98489627992458,-6.093203848562458],[106.98446456547806,-6.088820578228159],[106.98489627992458,-6.08443730789386],[106.98617483272007,-6.080222484180341],[106.98825108979761,-6.076338080399214],[106.9910452617621,-6.072933372009388],[106.99444997015193,-6.070139200044901],[106.99833437393306,-6.068062942967359],[107.00254919764657,-6.066784390171873],[107.00693246798087,-6.066352675725354],[107.01131573831518,-6.066784390171873],[107.01553056202869,-6.068062942967359],[107.01941496580982,-6.070139200044901],[107.02281967419965,-6.072933372009388],[107.02561384616413,-6.076338080399214],[107.02769010324168,-6.080222484180341],[107.02896865603716,-6.08443730789386],[107.02940037048369,-6.088820578228159],[107.02896865603716,-6.093203848562458]]]}},{"type":"Feature","properties":{"level":"sangat_rendah","label":"Sangat rendah","KETERANGAN":"Zona Kerentanan Gerakan Tanah Sangat Rendah","WILAYAH":"-"},"geometry":{"type":"Polygon","coordinates":[[[106.84211537850686,-6.3046949870570925],[106.84033911820428,-6.310550532538738],[106.83745462799176,-6.3159470341614545],[106.83357275721053,-6.320677107394275],[106.82884268397771,-6.324558978175516],[106.82344618235499,-6.327443468388035],[106.81759063687335,-6.329219728690604],[106.8115010728618,-6.329819498395934],[106.80541150885026,-6.329219728690604],[106.79955596336862,-6.327443468388035],[106.79415946174589,-6.324558978175516],[106.78942938851307,-6.320677107394275],[106.78554751773184,-6.3159470341614545],[106.78266302751932,-6.310550532538738],[106.78088676721674,-6.3046949870570925],[106.78028699751142,-6.298605423045551],[106.78088676721674,-6.292515859034009],[106.78266302751932,-6.286660313552364],[106.78554751773184,-6.281263811929647],[106.78942938851307,-6.276533738696827],[106.79415946174589,-6.272651867915585],[106.79955596336862,-6.269767377703067],[106.80541150885026,-6.267991117400498],[106.8115010728618,-6.267391347695168],[106.81759063687335,-6.267991117400498],[106.82344618235499,-6.269767377703067],[106.82884268397771,-6.272651867915585],[106.83357275721053,-6.276533738696827],[106.83745462799176,-6.281263811929647],[106.84033911820428,-6.286660313552364],[106.84211537850686,-6.292515859034009],[106.84271514821218,-6.298605423045551],[106.84211537850686,-6.3046949870570925]]]}},{"type":"Feature","properties":{"level":"tinggi","label":"Tinggi","KETERANGAN":"Zona Kerentanan Gerakan Tanah Tinggi","WILAYAH":"-"},"geometry":{"type":"Polygon","coordinates":[[[106.721501011674,-6.295705019622919],[106.7193156342765,-6.302909243422275],[106.71576677395201,-6.309548694101209],[106.71099081141259,-6.315368221293577],[106.70517128422021,-6.320144183833003],[106.69853183354128,-6.323693044157489],[106.69132760974193,-6.325878421554989],[106.68383546710258,-6.3266163331976895],[106.67634332446323,-6.325878421554989],[106.66913910066388,-6.323693044157489],[106.66249964998495,-6.320144183833003],[106.65668012279258,-6.315368221293577],[106.65190416025315,-6.309548694101209],[106.64835529992867,-6.302909243422275],[106.64616992253117,-6.295705019622919],[106.64543201088847,-6.288212876983575],[106.64616992253117,-6.280720734344231],[106.64835529992867,-6.273516510544876],[106.65190416025315,-6.266877059865942],[106.65668012279258,-6.261057532673574],[106.66249964998495,-6.256281570134147],[106.66913910066388,-6.252732709809662],[106.67634332446323,-6.250547332412162],[106.68383546710258,-6.249809420769461],[106.69132760974193,-6.250547332412162],[106.69853183354128,-6.252732709809662],[106.70517128422021,-6.256281570134147],[106.71099081141259,-6.261057532673574],[106.71576677395201,-6.266877059865942],[106.7193156342765,-6.273516510544876],[106.721501011674,-6.280720734344231],[106.7222389233167,-6.288212876983575],[106.721501011674,-6.295705019622919]]]}},{"type":"Feature","properties":{"level":"rendah","label":"Rendah","KETERANGAN":"Zona Kerentanan Gerakan Tanah Rendah","WILAYAH":"-"},"geometry":{"type":"Polygon","coordinates":[[[106.83806703438381,-6.307981333516478],[106.8365818247098,-6.312877413659351],[106.83416997507152,-6.317389666961589],[106.830924171498,-6.3213446900592904],[106.8269691484003,-6.324590493632811],[106.82245689509806,-6.327002343271088],[106.81756081495519,-6.328487552945104],[106.81246906158582,-6.328989046880002],[106.80737730821645,-6.328487552945104],[106.80248122807357,-6.327002343271088],[106.79796897477134,-6.324590493632811],[106.79401395167363,-6.3213446900592904],[106.79076814810011,-6.317389666961589],[106.78835629846184,-6.312877413659351],[106.78687108878782,-6.307981333516478],[106.78636959485293,-6.3028895801471085],[106.78687108878782,-6.297797826777739],[106.78835629846184,-6.2929017466348665],[106.79076814810011,-6.288389493332628],[106.79401395167363,-6.284434470234927],[106.79796897477134,-6.281188666661406],[106.80248122807357,-6.278776817023129],[106.80737730821645,-6.277291607349113],[106.81246906158582,-6.276790113414215],[106.81756081495519,-6.277291607349113],[106.82245689509806,-6.278776817023129],[106.8269691484003,-6.281188666661406],[106.830924171498,-6.284434470234927],[106.83416997507152,-6.288389493332628],[106.8365818247098,-6.2929017466348665],[106.83806703438381,-6.297797826777739],[106.8385685283187,-6.3028895801471085],[106.83806703438381,-6.307981333516478]]]}},{"type":"Feature","properties":{"level":"rendah","label":"Rendah","KETERANGAN":"Zona Kerentanan Gerakan Tanah Rendah","WILAYAH":"-"},"geometry":{"type":"Polygon","coordinates":[[[107.01867260796041,-6.388378626432002],[107.01615203498284,-6.396687841972468],[107.01205884657276,-6.404345658872392],[107.00655034166529,-6.411057791522866],[106.99983820901481,-6.416566296430339],[106.99218039211489,-6.420659484840422],[106.98680059431571,-6.422291428661281],[106.98379017266141,-6.422332474891347],[106.9817702566255,-6.423386980372111],[106.97522988088677,-6.4240311511571],[106.96658858519912,-6.4231800578180005],[106.95827936965865,-6.420659484840422],[106.95062155275873,-6.416566296430339],[106.94390942010826,-6.411057791522866],[106.93840091520079,-6.404345658872392],[106.9343077267907,-6.396687841972468],[106.93178715381313,-6.388378626432002],[106.93093606047402,-6.379737330744355],[106.93178715381313,-6.371096035056708],[106.9343077267907,-6.362786819516242],[106.93840091520079,-6.355129002616318],[106.94390942010826,-6.348416869965844],[106.95062155275873,-6.342908365058371],[106.95827936965865,-6.338815176648288],[106.96658858519912,-6.3362946036707095],[106.97522988088677,-6.33544351033161],[106.98387117657443,-6.3362946036707095],[106.99218039211489,-6.338815176648288],[106.99983820901481,-6.342908365058371],[107.00655034166529,-6.348416869965844],[107.01205884657276,-6.355129002616318],[107.01615203498284,-6.362786819516242],[107.01867260796041,-6.371096035056708],[107.01952370129952,-6.379737330744355],[107.01867260796041,-6.388378626432002]]]}},{"type":"Feature","properties":{"level":"menengah","label":"Menengah","KETERANGAN":"Zona Kerentanan Gerakan Tanah Menengah","WILAYAH":"-"},"geometry":{"type":"Polygon","coordinates":[[[106.85425648369471,-6.299428550295397],[106.85229565452016,-6.305892537807084],[106.84911144072322,-6.311849782816176],[106.84482620985436,-6.317071351737834],[106.8396046409327,-6.321356582606689],[106.8336473959236,-6.324540796403635],[106.82718340841193,-6.326501625578185],[106.82046108581267,-6.327163716564805],[106.81373876321341,-6.326501625578185],[106.80727477570173,-6.324540796403635],[106.80131753069263,-6.321356582606689],[106.79609596177097,-6.317071351737834],[106.79181073090211,-6.311849782816176],[106.78862651710517,-6.305892537807084],[106.78666568793062,-6.299428550295397],[106.786003596944,-6.292706227696142],[106.78666568793062,-6.285983905096887],[106.78862651710517,-6.2795199175851995],[106.79181073090211,-6.273562672576108],[106.79609596177097,-6.26834110365445],[106.80131753069263,-6.264055872785595],[106.80727477570173,-6.260871658988648],[106.81373876321341,-6.2589108298140985],[106.82046108581267,-6.258248738827478],[106.82718340841193,-6.2589108298140985],[106.8336473959236,-6.260871658988648],[106.8396046409327,-6.264055872785595],[106.84482620985436,-6.26834110365445],[106.84911144072322,-6.273562672576108],[106.85229565452016,-6.2795199175851995],[106.85425648369471,-6.285983905096887],[106.85491857468134,-6.292706227696142],[106.85425648369471,-6.299428550295397]]]}},{"type":"Feature","properties":{"level":"tinggi","label":"Tinggi","KETERANGAN":"Zona Kerentanan Gerakan Tanah Tinggi","WILAYAH":"-"},"geometry":{"type":"Polygon","coordinates":[[[107.47166525858785,-6.4138704535179],[107.46927278487298,-6.421757382382295],[107.46538761837782,-6.429026017652634],[107.46015906387194,-6.435397029751775],[107.4537880517728,-6.440625584257653],[107.44651941650247,-6.444510750752814],[107.43863248763806,-6.446903224467675],[107.43043035543283,-6.4477110639790896],[107.4222282232276,-6.446903224467675],[107.4143412943632,-6.444510750752814],[107.40707265909286,-6.440625584257653],[107.40070164699372,-6.435397029751775],[107.39547309248785,-6.429026017652634],[107.39158792599268,-6.421757382382295],[107.38919545227782,-6.4138704535179],[107.38838761276641,-6.405668321312666],[107.38919545227782,-6.397466189107432],[107.39158792599268,-6.389579260243036],[107.39547309248785,-6.382310624972697],[107.40070164699372,-6.375939612873556],[107.40707265909286,-6.370711058367679],[107.4143412943632,-6.366825891872518],[107.4222282232276,-6.364433418157656],[107.43043035543283,-6.363625578646242],[107.43863248763806,-6.364433418157656],[107.44651941650247,-6.366825891872518],[107.4537880517728,-6.370711058367679],[107.46015906387194,-6.375939612873556],[107.46538761837782,-6.382310624972697],[107.46927278487298,-6.389579260243036],[107.47166525858785,-6.397466189107432],[107.47247309809926,-6.405668321312666],[107.47166525858785,-6.4138704535179]]]}},{"type":"Feature","properties":{"level":"sangat_rendah","label":"Sangat rendah","KETERANGAN":"Zona Kerentanan Gerakan Tanah Sangat Rendah","WILAYAH":"-"},"geometry":{"type":"Polygon","coordinates":[[[107.14698215500181,-6.326276825402402],[107.14518685732125,-6.332195128708753],[107.14227145208439,-6.337649468273967],[107.1383479766795,-6.342430236887383],[107.13356720806607,-6.346353712292273],[107.12811286850086,-6.349269117529136],[107.1221945651945,-6.3510644152097],[107.11603973522406,-6.351670613050914],[107.10988490525362,-6.3510644152097],[107.10396660194726,-6.349269117529136],[107.09851226238206,-6.346353712292273],[107.09373149376863,-6.342430236887383],[107.08980801836374,-6.337649468273967],[107.08689261312688,-6.332195128708753],[107.08509731544632,-6.326276825402402],[107.08449111760511,-6.320121995431956],[107.08509731544632,-6.313967165461509],[107.08689261312688,-6.308048862155159],[107.08980801836374,-6.302594522589945],[107.09373149376863,-6.297813753976529],[107.09851226238206,-6.293890278571639],[107.10396660194726,-6.2909748733347755],[107.10988490525362,-6.289179575654211],[107.11603973522406,-6.288573377812997],[107.1221945651945,-6.289179575654211],[107.12811286850086,-6.2909748733347755],[107.13356720806607,-6.293890278571639],[107.1383479766795,-6.297813753976529],[107.14227145208439,-6.302594522589945],[107.14518685732125,-6.308048862155159],[107.14698215500181,-6.313967165461509],[107.14758835284302,-6.320121995431956],[107.14698215500181,-6.326276825402402]]]}},{"type":"Feature","properties":{"level":"rendah","label":"Rendah","KETERANGAN":"Zona Kerentanan Gerakan Tanah Rendah","WILAYAH":"-"},"geometry":{"type":"Polygon","coordinates":[[[107.04756409112922,-6.088379656276965],[107.04692807988287,-6.0904763043720465],[107.04589525366228,-6.092408586323035],[107.04450530339986,-6.094102245618189],[107.0428116441047,-6.095492195880613],[107.04087936215372,-6.096525022101213],[107.03878271405863,-6.097161033347548],[107.03660227282994,-6.0973757880641],[107.03442183160125,-6.097161033347548],[107.03232518350616,-6.096525022101213],[107.03039290155517,-6.095492195880613],[107.02869924226002,-6.094102245618189],[107.0273092919976,-6.092408586323035],[107.026276465777,-6.0904763043720465],[107.02564045453066,-6.088379656276965],[107.02542569981411,-6.0861992150482696],[107.02564045453066,-6.084018773819574],[107.026276465777,-6.081922125724493],[107.0273092919976,-6.079989843773504],[107.02869924226002,-6.07829618447835],[107.03039290155517,-6.076906234215926],[107.03232518350616,-6.075873407995326],[107.03442183160125,-6.075237396748991],[107.03660227282994,-6.075022642032439],[107.03878271405863,-6.075237396748991],[107.04087936215372,-6.075873407995326],[107.0428116441047,-6.076906234215926],[107.04450530339986,-6.07829618447835],[107.04589525366228,-6.079989843773504],[107.04692807988287,-6.081922125724493],[107.04756409112922,-6.084018773819574],[107.04777884584577,-6.0861992150482696],[107.04756409112922,-6.088379656276965]]]}},{"type":"Feature","properties":{"level":"menengah","label":"Menengah","KETERANGAN":"Zona Kerentanan Gerakan Tanah Menengah","WILAYAH":"-"},"geometry":{"type":"Polygon","coordinates":[[[107.38675508051608,-6.387584379462534],[107.38495016384346,-6.393534392336123],[107.38201913821108,-6.399017955605875],[107.37807464129027,-6.4038243390105505],[107.3732682578856,-6.407768835931358],[107.36778469461585,-6.410699861563731],[107.36183468174225,-6.412504778236355],[107.35564687492275,-6.413114224013711],[107.34945906810326,-6.412504778236355],[107.34350905522966,-6.410699861563731],[107.33802549195991,-6.407768835931358],[107.33321910855524,-6.4038243390105505],[107.32927461163443,-6.399017955605875],[107.32634358600205,-6.393534392336123],[107.32453866932943,-6.387584379462534],[107.32392922355207,-6.381396572643033],[107.32453866932943,-6.375208765823532],[107.32634358600205,-6.369258752949943],[107.32927461163443,-6.363775189680191],[107.33321910855524,-6.358968806275516],[107.33802549195991,-6.355024309354708],[107.34350905522966,-6.352093283722335],[107.34945906810326,-6.3502883670497114],[107.35564687492275,-6.349678921272355],[107.36183468174225,-6.3502883670497114],[107.36778469461585,-6.352093283722335],[107.3732682578856,-6.355024309354708],[107.37807464129027,-6.358968806275516],[107.38201913821108,-6.363775189680191],[107.38495016384346,-6.369258752949943],[107.38675508051608,-6.375208765823532],[107.38736452629344,-6.381396572643033],[107.38675508051608,-6.387584379462534]]]}},{"type":"Feature","properties":{"level":"menengah","label":"Menengah","KETERANGAN":"Zona Kerentanan Gerakan Tanah Menengah","WILAYAH":"-"},"geometry":{"type":"Polygon","coordinates":[[[107.09401158667794,-6.092942445995416],[107.09143555275311,-6.1014344917767875],[107.08725230065176,-6.10926080599175],[107.08162259040614,-6.11612062777407],[107.07476276862383,-6.121750338019683],[107.06693645440886,-6.125933590121031],[107.0584444086275,-6.128509624045852],[107.0496129758367,-6.129379444255072],[107.0407815430459,-6.128509624045852],[107.03228949726453,-6.125933590121031],[107.02446318304956,-6.121750338019683],[107.01760336126725,-6.11612062777407],[107.01197365102163,-6.10926080599175],[107.00779039892028,-6.1014344917767875],[107.00521436499545,-6.092942445995416],[107.00434454478624,-6.084111013204617],[107.00521436499545,-6.075279580413818],[107.00779039892028,-6.0667875346324465],[107.01197365102163,-6.058961220417484],[107.01760336126725,-6.052101398635164],[107.02446318304956,-6.046471688389551],[107.03228949726453,-6.042288436288203],[107.0407815430459,-6.039712402363382],[107.0496129758367,-6.038842582154162],[107.0584444086275,-6.039712402363382],[107.06693645440886,-6.042288436288203],[107.07292880089769,-6.045491412216955],[107.07643155156562,-6.04849403773011],[107.08051331774026,-6.0527907486122885],[107.08195561666024,-6.054881977201051],[107.08551516044353,-6.060559098258703],[107.08880562782721,-6.06918338158588],[107.0902443784046,-6.078295732932919],[107.09029276529105,-6.082532289577402],[107.09433272513223,-6.089681872550922],[107.09401158667794,-6.092942445995416]]]}},{"type":"Feature","properties":{"level":"tinggi","label":"Tinggi","KETERANGAN":"Zona Kerentanan Gerakan Tanah Tinggi","WILAYAH":"-"},"geometry":{"type":"Polygon","coordinates":[[[107.10233600624312,-6.1376082561945235],[107.1001550578581,-6.144797879496436],[107.09661338985961,-6.151423874279863],[107.09184710656264,-6.157231607281175],[107.08603937356132,-6.1619978905781485],[107.0794133787779,-6.165539558576642],[107.07222375547599,-6.167720506961663],[107.06474679684709,-6.168456923109866],[107.05726983821819,-6.167720506961663],[107.05008021491628,-6.165539558576642],[107.04345422013286,-6.1619978905781485],[107.03764648713154,-6.157231607281175],[107.03288020383457,-6.151423874279863],[107.02933853583608,-6.144797879496436],[107.02715758745106,-6.1376082561945235],[107.02642117130286,-6.130131297565629],[107.02715758745106,-6.122654338936734],[107.02933853583608,-6.115464715634821],[107.03288020383457,-6.108838720851394],[107.03764648713154,-6.103030987850082],[107.04345422013286,-6.098264704553109],[107.05008021491628,-6.0947230365546154],[107.05726983821819,-6.092542088169594],[107.06474679684709,-6.091805672021391],[107.07222375547599,-6.092542088169594],[107.0794133787779,-6.0947230365546154],[107.08603937356132,-6.098264704553109],[107.09184710656264,-6.103030987850082],[107.09661338985961,-6.108838720851394],[107.1001550578581,-6.115464715634821],[107.10233600624312,-6.122654338936734],[107.10307242239132,-6.130131297565629],[107.10233600624312,-6.1376082561945235]]]}},{"type":"Feature","properties":{"level":"menengah","label":"Menengah","KETERANGAN":"Zona Kerentanan Gerakan Tanah Menengah","WILAYAH":"-"},"geometry":{"type":"Polygon","coordinates":[[[107.09246434047589,-6.321714497591179],[107.09154129439263,-6.324757372734158],[107.09004234888954,-6.3275617025268796],[107.08802510760168,-6.330019718148095],[107.08556709198047,-6.3320369594359525],[107.08276276218776,-6.3335359049390405],[107.07971988704477,-6.334458951022294],[107.07655540253681,-6.334770625542385],[107.07339091802885,-6.334458951022294],[107.07034804288587,-6.3335359049390405],[107.06754371309316,-6.3320369594359525],[107.06508569747194,-6.330019718148095],[107.06306845618408,-6.3275617025268796],[107.061569510681,-6.324757372734158],[107.06064646459774,-6.321714497591179],[107.06033479007765,-6.318550013083222],[107.06064646459774,-6.3153855285752645],[107.061569510681,-6.312342653432285],[107.06306845618408,-6.309538323639564],[107.06508569747194,-6.307080308018349],[107.06754371309316,-6.305063066730491],[107.07034804288587,-6.303564121227403],[107.07339091802885,-6.302641075144149],[107.07655540253681,-6.302329400624059],[107.07971988704477,-6.302641075144149],[107.08276276218776,-6.303564121227403],[107.08556709198047,-6.305063066730491],[107.08802510760168,-6.307080308018349],[107.09004234888954,-6.309538323639564],[107.09154129439263,-6.312342653432285],[107.09246434047589,-6.3153855285752645],[107.09277601499598,-6.318550013083222],[107.09246434047589,-6.321714497591179]]]}},{"type":"Feature","properties":{"level":"rendah","label":"Rendah","KETERANGAN":"Zona Kerentanan Gerakan Tanah Rendah","WILAYAH":"-"},"geometry":{"type":"Polygon","coordinates":[[[108.57717733550314,-6.6627690529806936],[108.57449257839995,-6.671619511048178],[108.57013276943734,-6.679776139917799],[108.56426545362868,-6.686925484916387],[108.55711610863008,-6.692792800725044],[108.54895947976047,-6.697152609687674],[108.54010902169298,-6.6998373667908515],[108.53090485256777,-6.700743898324729],[108.52170068344256,-6.6998373667908515],[108.51285022537508,-6.697152609687674],[108.50469359650546,-6.692792800725044],[108.50116111631155,-6.689893769150883],[108.49579812890451,-6.676374138301076],[108.4910858197324,-6.6689505206718485],[108.48811326330514,-6.661425747722376],[108.48425023317225,-6.648240611321602],[108.48463236963241,-6.644360714730277],[108.48731712673559,-6.635510256662792],[108.49167693569821,-6.6273536277931715],[108.49754425150687,-6.6202042827945835],[108.50469359650546,-6.614336966985926],[108.51285022537508,-6.609977158023296],[108.52170068344256,-6.607292400920119],[108.53090485256777,-6.606385869386241],[108.54010902169298,-6.607292400920119],[108.54895947976047,-6.609977158023296],[108.55711610863008,-6.614336966985926],[108.56426545362868,-6.6202042827945835],[108.57013276943734,-6.6273536277931715],[108.57449257839995,-6.635510256662792],[108.57717733550314,-6.644360714730277],[108.57808386703702,-6.653564883855485],[108.57717733550314,-6.6627690529806936]]]}},{"type":"Feature","properties":{"level":"menengah","label":"Menengah","KETERANGAN":"Zona Kerentanan Gerakan Tanah Menengah","WILAYAH":"-"},"geometry":{"type":"Polygon","coordinates":[[[108.1921243689944,-6.41521169317341],[108.19046600916292,-6.420678572889288],[108.18777297892638,-6.42571687809081],[108.18414876992652,-6.4301329895345996],[108.17973265848273,-6.433757198534452],[108.17469435328121,-6.436450228770985],[108.16922747356534,-6.438108588602477],[108.16354210845672,-6.438668548190622],[108.1578567433481,-6.438108588602477],[108.15238986363224,-6.436450228770985],[108.14735155843071,-6.433757198534452],[108.14293544698693,-6.4301329895345996],[108.13931123798707,-6.42571687809081],[108.13661820775053,-6.420678572889288],[108.13495984791905,-6.41521169317341],[108.1343998883309,-6.409526328064798],[108.13495984791905,-6.4038409629561865],[108.13661820775053,-6.398374083240308],[108.13931123798707,-6.393335778038786],[108.14293544698693,-6.3889196665949965],[108.14735155843071,-6.385295457595144],[108.15238986363224,-6.382602427358611],[108.1578567433481,-6.380944067527119],[108.16354210845672,-6.3803841079389745],[108.16922747356534,-6.380944067527119],[108.17469435328121,-6.382602427358611],[108.17973265848273,-6.385295457595144],[108.18414876992652,-6.3889196665949965],[108.18777297892638,-6.393335778038786],[108.19046600916292,-6.398374083240308],[108.1921243689944,-6.4038409629561865],[108.19268432858254,-6.409526328064798],[108.1921243689944,-6.41521169317341]]]}},{"type":"Feature","properties":{"level":"sangat_rendah","label":"Sangat rendah","KETERANGAN":"Zona Kerentanan Gerakan Tanah Sangat Rendah","WILAYAH":"-"},"geometry":{"type":"Polygon","coordinates":[[[108.41520388769679,-6.3664159787116645],[108.41353140473154,-6.371929416160052],[108.41081543977029,-6.377010629213599],[108.40716036582334,-6.381464349704233],[108.40270664533271,-6.385119423651176],[108.39762543227916,-6.3878353886124355],[108.39211199483077,-6.38950787157768],[108.38637821129672,-6.390072599964496],[108.38064442776266,-6.38950787157768],[108.37513099031428,-6.3878353886124355],[108.37004977726072,-6.385119423651176],[108.36559605677009,-6.381464349704233],[108.36194098282314,-6.377010629213599],[108.35922501786189,-6.371929416160052],[108.35755253489664,-6.3664159787116645],[108.35698780650982,-6.360682195177605],[108.35755253489664,-6.354948411643546],[108.35922501786189,-6.349434974195159],[108.36194098282314,-6.344353761141612],[108.36559605677009,-6.339900040650978],[108.37004977726072,-6.336244966704035],[108.37513099031428,-6.333529001742775],[108.38064442776266,-6.33185651877753],[108.38637821129672,-6.331291790390715],[108.39211199483077,-6.33185651877753],[108.39762543227916,-6.333529001742775],[108.40270664533271,-6.336244966704035],[108.40716036582334,-6.339900040650978],[108.41081543977029,-6.344353761141612],[108.41353140473154,-6.349434974195159],[108.41520388769679,-6.354948411643546],[108.41576861608361,-6.360682195177605],[108.41520388769679,-6.3664159787116645]]]}}]}